TimeStamp,SpotPrice,InstanceType,OS type,AvailabilityZone
2014-02-16 00:55:30,2.732,c3.8xlarge,Linux/UNIX,us-west-1a
2014-02-17 00:56:30,2.732,c3.8xlarge,Linux/UNIX,us-west-1a
2014-02-18 00:57:12,2.732,c3.8xlarge,Linux/UNIX,us-west-1a
2014-02-19 00:57:56,2.732,c3.8xlarge,Linux/UNIX,us-west-1a
2014-02-20 00:58:42,2.732,c3.8xlarge,Linux/UNIX,us-west-1a
2014-02-21 00:58:59,2.732,c3.8xlarge,Linux/UNIX,us-west-1a
2014-02-21 07:59:55,3.0,c3.8xlarge,Linux/UNIX,us-west-1a
2014-02-21 08:59:47,2.7321,c3.8xlarge,Linux/UNIX,us-west-1a
2014-02-22 09:00:21,2.7321,c3.8xlarge,Linux/UNIX,us-west-1a
2014-02-23 09:01:02,2.7321,c3.8xlarge,Linux/UNIX,us-west-1a
2014-02-24 09:01:29,2.7321,c3.8xlarge,Linux/UNIX,us-west-1a
2014-02-25 09:02:15,2.7321,c3.8xlarge,Linux/UNIX,us-west-1a
2014-02-25 19:00:49,0.4991,c3.8xlarge,Linux/UNIX,us-west-1a
2014-02-25 19:02:11,0.4073,c3.8xlarge,Linux/UNIX,us-west-1a
2014-02-25 20:31:27,0.4088,c3.8xlarge,Linux/UNIX,us-west-1a
2014-02-25 22:02:16,0.4077,c3.8xlarge,Linux/UNIX,us-west-1a
2014-02-25 22:56:06,0.4087,c3.8xlarge,Linux/UNIX,us-west-1a
2014-02-26 00:02:24,0.4077,c3.8xlarge,Linux/UNIX,us-west-1a
2014-02-26 00:32:48,0.4087,c3.8xlarge,Linux/UNIX,us-west-1a
2014-02-26 01:43:26,0.4076,c3.8xlarge,Linux/UNIX,us-west-1a
2014-02-26 05:10:18,0.41,c3.8xlarge,Linux/UNIX,us-west-1a
2014-02-26 06:19:01,0.4089,c3.8xlarge,Linux/UNIX,us-west-1a
2014-02-26 08:04:32,0.4155,c3.8xlarge,Linux/UNIX,us-west-1a
2014-02-26 08:42:55,0.4277,c3.8xlarge,Linux/UNIX,us-west-1a
2014-02-26 09:06:20,0.4295,c3.8xlarge,Linux/UNIX,us-west-1a
2014-02-26 09:09:05,0.434,c3.8xlarge,Linux/UNIX,us-west-1a
2014-02-26 09:11:51,0.4316,c3.8xlarge,Linux/UNIX,us-west-1a
2014-02-26 09:14:37,0.4295,c3.8xlarge,Linux/UNIX,us-west-1a
2014-02-26 09:15:59,0.434,c3.8xlarge,Linux/UNIX,us-west-1a
2014-02-26 09:39:26,0.4367,c3.8xlarge,Linux/UNIX,us-west-1a
2014-02-26 09:47:42,0.434,c3.8xlarge,Linux/UNIX,us-west-1a
2014-02-26 09:50:27,0.4316,c3.8xlarge,Linux/UNIX,us-west-1a
2014-02-26 09:53:13,0.434,c3.8xlarge,Linux/UNIX,us-west-1a
2014-02-26 10:18:05,0.4367,c3.8xlarge,Linux/UNIX,us-west-1a
2014-02-26 10:36:01,0.4398,c3.8xlarge,Linux/UNIX,us-west-1a
2014-02-26 10:40:10,0.5,c3.8xlarge,Linux/UNIX,us-west-1a
2014-02-26 11:02:13,0.4193,c3.8xlarge,Linux/UNIX,us-west-1a
2014-02-26 11:32:34,0.4182,c3.8xlarge,Linux/UNIX,us-west-1a
2014-02-26 11:33:56,0.4172,c3.8xlarge,Linux/UNIX,us-west-1a
2014-02-26 11:36:42,0.4182,c3.8xlarge,Linux/UNIX,us-west-1a
2014-02-26 11:38:04,0.4193,c3.8xlarge,Linux/UNIX,us-west-1a
2014-02-26 11:40:49,0.4205,c3.8xlarge,Linux/UNIX,us-west-1a
2014-02-26 11:44:57,0.4193,c3.8xlarge,Linux/UNIX,us-west-1a
2014-02-26 11:46:21,0.4205,c3.8xlarge,Linux/UNIX,us-west-1a
2014-02-26 11:53:13,0.4193,c3.8xlarge,Linux/UNIX,us-west-1a
2014-02-26 11:57:22,0.4205,c3.8xlarge,Linux/UNIX,us-west-1a
2014-02-26 12:15:20,0.4193,c3.8xlarge,Linux/UNIX,us-west-1a
2014-02-26 12:24:59,0.4205,c3.8xlarge,Linux/UNIX,us-west-1a
2014-02-26 12:36:00,0.4193,c3.8xlarge,Linux/UNIX,us-west-1a
2014-02-26 12:52:31,0.4205,c3.8xlarge,Linux/UNIX,us-west-1a
2014-02-26 13:20:07,0.4104,c3.8xlarge,Linux/UNIX,us-west-1a
2014-02-26 14:08:26,0.4084,c3.8xlarge,Linux/UNIX,us-west-1a
2014-02-26 15:33:00,0.4074,c3.8xlarge,Linux/UNIX,us-west-1a
2014-02-26 17:25:47,0.41,c3.8xlarge,Linux/UNIX,us-west-1a
2014-02-26 17:27:12,0.4171,c3.8xlarge,Linux/UNIX,us-west-1a
2014-02-26 17:31:22,0.4161,c3.8xlarge,Linux/UNIX,us-west-1a
2014-02-26 17:35:33,0.4171,c3.8xlarge,Linux/UNIX,us-west-1a
2014-02-26 18:09:00,0.4183,c3.8xlarge,Linux/UNIX,us-west-1a
2014-02-26 18:18:45,0.4171,c3.8xlarge,Linux/UNIX,us-west-1a
2014-02-26 18:20:09,0.4122,c3.8xlarge,Linux/UNIX,us-west-1a
2014-02-26 20:01:42,0.4145,c3.8xlarge,Linux/UNIX,us-west-1a
2014-02-26 20:08:37,0.4127,c3.8xlarge,Linux/UNIX,us-west-1a
2014-02-26 20:18:20,0.4138,c3.8xlarge,Linux/UNIX,us-west-1a
2014-02-26 20:23:53,0.4122,c3.8xlarge,Linux/UNIX,us-west-1a
2014-02-26 20:47:27,0.4145,c3.8xlarge,Linux/UNIX,us-west-1a
2014-02-26 20:50:14,0.4127,c3.8xlarge,Linux/UNIX,us-west-1a
2014-02-26 20:59:57,0.4089,c3.8xlarge,Linux/UNIX,us-west-1a
2014-02-27 01:32:19,0.41,c3.8xlarge,Linux/UNIX,us-west-1a
2014-02-27 01:33:43,0.4111,c3.8xlarge,Linux/UNIX,us-west-1a
2014-02-27 01:40:43,0.41,c3.8xlarge,Linux/UNIX,us-west-1a
2014-02-27 01:50:25,0.4079,c3.8xlarge,Linux/UNIX,us-west-1a
2014-02-27 03:47:00,0.41,c3.8xlarge,Linux/UNIX,us-west-1a
2014-02-27 04:23:07,0.4114,c3.8xlarge,Linux/UNIX,us-west-1a
2014-02-27 04:25:53,0.4144,c3.8xlarge,Linux/UNIX,us-west-1a
2014-02-27 04:27:17,0.4133,c3.8xlarge,Linux/UNIX,us-west-1a
2014-02-27 04:28:40,0.4121,c3.8xlarge,Linux/UNIX,us-west-1a
2014-02-27 04:37:00,0.4133,c3.8xlarge,Linux/UNIX,us-west-1a
2014-02-27 04:43:55,0.4118,c3.8xlarge,Linux/UNIX,us-west-1a
2014-02-27 04:48:05,0.4133,c3.8xlarge,Linux/UNIX,us-west-1a
2014-02-27 04:57:49,0.4118,c3.8xlarge,Linux/UNIX,us-west-1a
2014-02-27 05:03:21,0.4133,c3.8xlarge,Linux/UNIX,us-west-1a
2014-02-27 05:10:17,0.4121,c3.8xlarge,Linux/UNIX,us-west-1a
2014-02-27 09:40:22,0.4088,c3.8xlarge,Linux/UNIX,us-west-1a
2014-02-27 10:58:09,0.4098,c3.8xlarge,Linux/UNIX,us-west-1a
2014-02-27 11:06:27,0.4112,c3.8xlarge,Linux/UNIX,us-west-1a
2014-02-27 11:37:02,0.4129,c3.8xlarge,Linux/UNIX,us-west-1a
2014-02-27 11:49:32,0.4144,c3.8xlarge,Linux/UNIX,us-west-1a
2014-02-27 11:57:53,0.4125,c3.8xlarge,Linux/UNIX,us-west-1a
2014-02-27 12:03:28,0.4138,c3.8xlarge,Linux/UNIX,us-west-1a
2014-02-27 12:10:24,0.4125,c3.8xlarge,Linux/UNIX,us-west-1a
2014-02-27 13:08:46,0.415,c3.8xlarge,Linux/UNIX,us-west-1a
2014-02-27 13:17:07,0.4129,c3.8xlarge,Linux/UNIX,us-west-1a
2014-02-27 13:38:01,0.4144,c3.8xlarge,Linux/UNIX,us-west-1a
2014-02-27 13:44:59,0.4125,c3.8xlarge,Linux/UNIX,us-west-1a
2014-02-27 14:21:14,0.4112,c3.8xlarge,Linux/UNIX,us-west-1a
2014-02-27 15:42:21,0.4129,c3.8xlarge,Linux/UNIX,us-west-1a
2014-02-27 15:46:33,0.4118,c3.8xlarge,Linux/UNIX,us-west-1a
2014-02-27 16:27:08,0.4088,c3.8xlarge,Linux/UNIX,us-west-1a
2014-02-27 17:30:14,0.4077,c3.8xlarge,Linux/UNIX,us-west-1a
2014-02-27 18:56:07,0.4089,c3.8xlarge,Linux/UNIX,us-west-1a
2014-02-27 21:29:36,0.4076,c3.8xlarge,Linux/UNIX,us-west-1a
2014-02-28 06:11:01,0.4086,c3.8xlarge,Linux/UNIX,us-west-1a
2014-02-28 09:16:04,0.411,c3.8xlarge,Linux/UNIX,us-west-1a
2014-02-28 10:27:16,0.4092,c3.8xlarge,Linux/UNIX,us-west-1a
2014-02-28 10:42:38,0.4082,c3.8xlarge,Linux/UNIX,us-west-1a
2014-02-28 15:21:32,0.4072,c3.8xlarge,Linux/UNIX,us-west-1a
2014-02-28 20:58:39,0.4082,c3.8xlarge,Linux/UNIX,us-west-1a
2014-03-01 00:30:05,0.4095,c3.8xlarge,Linux/UNIX,us-west-1a
2014-03-01 01:03:33,0.4109,c3.8xlarge,Linux/UNIX,us-west-1a
2014-03-01 03:41:34,0.4123,c3.8xlarge,Linux/UNIX,us-west-1a
2014-03-01 03:47:10,0.4111,c3.8xlarge,Linux/UNIX,us-west-1a
2014-03-01 04:37:39,0.4125,c3.8xlarge,Linux/UNIX,us-west-1a
2014-03-01 05:02:51,0.5168,c3.8xlarge,Linux/UNIX,us-west-1a
2014-03-01 05:08:28,0.5402,c3.8xlarge,Linux/UNIX,us-west-1a
2014-03-01 05:12:42,0.5168,c3.8xlarge,Linux/UNIX,us-west-1a
2014-03-01 05:50:37,0.6175,c3.8xlarge,Linux/UNIX,us-west-1a
2014-03-01 05:52:01,0.5402,c3.8xlarge,Linux/UNIX,us-west-1a
2014-03-01 05:54:48,0.4106,c3.8xlarge,Linux/UNIX,us-west-1a
2014-03-01 06:03:12,0.4096,c3.8xlarge,Linux/UNIX,us-west-1a
2014-03-01 07:11:42,0.4106,c3.8xlarge,Linux/UNIX,us-west-1a
2014-03-01 07:17:17,0.4096,c3.8xlarge,Linux/UNIX,us-west-1a
2014-03-01 07:32:38,0.4083,c3.8xlarge,Linux/UNIX,us-west-1a
2014-03-01 08:18:38,0.4071,c3.8xlarge,Linux/UNIX,us-west-1a
2014-03-01 10:03:21,0.4084,c3.8xlarge,Linux/UNIX,us-west-1a
2014-03-01 10:36:54,0.4095,c3.8xlarge,Linux/UNIX,us-west-1a
2014-03-01 13:35:49,0.4085,c3.8xlarge,Linux/UNIX,us-west-1a
2014-03-01 14:44:29,0.4095,c3.8xlarge,Linux/UNIX,us-west-1a
2014-03-01 17:23:42,0.4085,c3.8xlarge,Linux/UNIX,us-west-1a
2014-03-01 18:45:24,0.4073,c3.8xlarge,Linux/UNIX,us-west-1a
2014-03-02 03:48:15,0.4087,c3.8xlarge,Linux/UNIX,us-west-1a
2014-03-02 08:06:23,0.4097,c3.8xlarge,Linux/UNIX,us-west-1a
2014-03-02 10:24:45,0.4084,c3.8xlarge,Linux/UNIX,us-west-1a
2014-03-02 15:46:22,0.4125,c3.8xlarge,Linux/UNIX,us-west-1a
2014-03-02 16:18:33,0.4086,c3.8xlarge,Linux/UNIX,us-west-1a
2014-03-03 08:32:03,0.4071,c3.8xlarge,Linux/UNIX,us-west-1a
2014-03-03 12:11:00,0.4085,c3.8xlarge,Linux/UNIX,us-west-1a
2014-03-03 12:50:03,0.4127,c3.8xlarge,Linux/UNIX,us-west-1a
2014-03-03 13:04:00,0.5168,c3.8xlarge,Linux/UNIX,us-west-1a
2014-03-03 13:05:24,0.5611,c3.8xlarge,Linux/UNIX,us-west-1a
2014-03-03 13:23:36,2.7321,c3.8xlarge,Linux/UNIX,us-west-1a
2014-03-03 15:21:21,0.4707,c3.8xlarge,Linux/UNIX,us-west-1a
2014-03-03 16:24:29,0.4066,c3.8xlarge,Linux/UNIX,us-west-1a
2014-03-03 18:47:56,0.4076,c3.8xlarge,Linux/UNIX,us-west-1a
2014-03-03 19:30:11,0.4088,c3.8xlarge,Linux/UNIX,us-west-1a
2014-03-03 20:44:18,0.4121,c3.8xlarge,Linux/UNIX,us-west-1a
2014-03-03 22:02:47,0.4133,c3.8xlarge,Linux/UNIX,us-west-1a
2014-03-03 22:06:59,0.4156,c3.8xlarge,Linux/UNIX,us-west-1a
2014-03-03 22:12:37,0.4133,c3.8xlarge,Linux/UNIX,us-west-1a
2014-03-03 22:33:38,0.4144,c3.8xlarge,Linux/UNIX,us-west-1a
2014-03-03 22:37:52,0.4133,c3.8xlarge,Linux/UNIX,us-west-1a
2014-03-03 23:14:27,0.4144,c3.8xlarge,Linux/UNIX,us-west-1a
2014-03-03 23:31:22,0.4095,c3.8xlarge,Linux/UNIX,us-west-1a
2014-03-03 23:45:28,0.4138,c3.8xlarge,Linux/UNIX,us-west-1a
2014-03-04 01:22:49,0.4125,c3.8xlarge,Linux/UNIX,us-west-1a
2014-03-04 01:24:13,0.4144,c3.8xlarge,Linux/UNIX,us-west-1a
2014-03-04 01:25:37,0.4133,c3.8xlarge,Linux/UNIX,us-west-1a
2014-03-04 01:28:27,0.415,c3.8xlarge,Linux/UNIX,us-west-1a
2014-03-04 01:41:10,0.4164,c3.8xlarge,Linux/UNIX,us-west-1a
2014-03-04 01:59:27,0.415,c3.8xlarge,Linux/UNIX,us-west-1a
2014-03-04 02:10:45,0.4138,c3.8xlarge,Linux/UNIX,us-west-1a
2014-03-04 02:21:59,0.415,c3.8xlarge,Linux/UNIX,us-west-1a
2014-03-04 02:27:36,0.4138,c3.8xlarge,Linux/UNIX,us-west-1a
2014-03-04 02:43:07,0.415,c3.8xlarge,Linux/UNIX,us-west-1a
2014-03-04 02:48:46,0.4164,c3.8xlarge,Linux/UNIX,us-west-1a
2014-03-04 02:51:35,0.415,c3.8xlarge,Linux/UNIX,us-west-1a
2014-03-04 03:38:04,0.4172,c3.8xlarge,Linux/UNIX,us-west-1a
2014-03-04 03:46:34,0.4156,c3.8xlarge,Linux/UNIX,us-west-1a
2014-03-04 04:44:35,0.4182,c3.8xlarge,Linux/UNIX,us-west-1a
2014-03-04 04:45:59,0.4156,c3.8xlarge,Linux/UNIX,us-west-1a
2014-03-04 06:28:54,0.4127,c3.8xlarge,Linux/UNIX,us-west-1a
2014-03-04 06:58:22,0.4138,c3.8xlarge,Linux/UNIX,us-west-1a
2014-03-04 07:05:23,0.4127,c3.8xlarge,Linux/UNIX,us-west-1a
2014-03-04 07:09:36,0.4089,c3.8xlarge,Linux/UNIX,us-west-1a
2014-03-04 09:17:00,0.4107,c3.8xlarge,Linux/UNIX,us-west-1a
2014-03-04 09:22:37,0.4092,c3.8xlarge,Linux/UNIX,us-west-1a
2014-03-04 10:56:42,0.4197,c3.8xlarge,Linux/UNIX,us-west-1a
2014-03-04 11:07:55,0.4213,c3.8xlarge,Linux/UNIX,us-west-1a
2014-03-04 11:10:44,0.4197,c3.8xlarge,Linux/UNIX,us-west-1a
2014-03-04 11:12:08,0.4483,c3.8xlarge,Linux/UNIX,us-west-1a
2014-03-04 11:26:11,2.7321,c3.8xlarge,Linux/UNIX,us-west-1a
2014-03-04 11:27:34,0.4293,c3.8xlarge,Linux/UNIX,us-west-1a
2014-03-04 11:28:58,0.4253,c3.8xlarge,Linux/UNIX,us-west-1a
2014-03-04 11:30:23,2.7321,c3.8xlarge,Linux/UNIX,us-west-1a
2014-03-04 15:30:16,0.9876,c3.8xlarge,Linux/UNIX,us-west-1a
2014-03-04 15:37:23,2.7321,c3.8xlarge,Linux/UNIX,us-west-1a
2014-03-04 15:43:04,0.9876,c3.8xlarge,Linux/UNIX,us-west-1a
2014-03-04 15:44:28,2.7321,c3.8xlarge,Linux/UNIX,us-west-1a
2014-03-04 16:01:33,0.9876,c3.8xlarge,Linux/UNIX,us-west-1a
2014-03-04 16:29:58,0.6645,c3.8xlarge,Linux/UNIX,us-west-1a
2014-03-04 16:55:34,2.7321,c3.8xlarge,Linux/UNIX,us-west-1a
2014-03-04 16:58:24,0.5514,c3.8xlarge,Linux/UNIX,us-west-1a
2014-03-04 17:01:16,0.9876,c3.8xlarge,Linux/UNIX,us-west-1a
2014-03-04 17:06:56,2.7321,c3.8xlarge,Linux/UNIX,us-west-1a
2014-03-04 17:39:40,0.4067,c3.8xlarge,Linux/UNIX,us-west-1a
2014-03-04 20:11:17,0.4092,c3.8xlarge,Linux/UNIX,us-west-1a
2014-03-04 21:13:15,0.4077,c3.8xlarge,Linux/UNIX,us-west-1a
2014-03-05 04:40:26,0.4088,c3.8xlarge,Linux/UNIX,us-west-1a
2014-03-05 05:24:04,0.4114,c3.8xlarge,Linux/UNIX,us-west-1a
2014-03-05 07:28:33,0.409,c3.8xlarge,Linux/UNIX,us-west-1a
2014-03-05 08:10:11,0.4161,c3.8xlarge,Linux/UNIX,us-west-1a
2014-03-05 08:11:33,0.4145,c3.8xlarge,Linux/UNIX,us-west-1a
2014-03-05 08:28:10,1.1814,c3.8xlarge,Linux/UNIX,us-west-1a
2014-03-05 08:29:34,2.7321,c3.8xlarge,Linux/UNIX,us-west-1a
2014-03-05 13:29:39,0.4069,c3.8xlarge,Linux/UNIX,us-west-1a
2014-03-05 16:09:44,0.409,c3.8xlarge,Linux/UNIX,us-west-1a
2014-03-05 17:20:14,0.4132,c3.8xlarge,Linux/UNIX,us-west-1a
2014-03-05 17:47:03,0.4171,c3.8xlarge,Linux/UNIX,us-west-1a
2014-03-05 17:51:16,0.4161,c3.8xlarge,Linux/UNIX,us-west-1a
2014-03-05 17:55:29,0.4138,c3.8xlarge,Linux/UNIX,us-west-1a
2014-03-05 18:12:26,0.4127,c3.8xlarge,Linux/UNIX,us-west-1a
2014-03-05 18:30:46,0.4138,c3.8xlarge,Linux/UNIX,us-west-1a
2014-03-05 18:35:00,0.4127,c3.8xlarge,Linux/UNIX,us-west-1a
2014-03-05 18:36:26,0.4145,c3.8xlarge,Linux/UNIX,us-west-1a
2014-03-05 18:40:40,0.4127,c3.8xlarge,Linux/UNIX,us-west-1a
2014-03-05 18:53:23,0.4152,c3.8xlarge,Linux/UNIX,us-west-1a
2014-03-05 19:31:29,0.4171,c3.8xlarge,Linux/UNIX,us-west-1a
2014-03-05 19:37:05,0.4161,c3.8xlarge,Linux/UNIX,us-west-1a
2014-03-05 19:39:55,0.4138,c3.8xlarge,Linux/UNIX,us-west-1a
2014-03-05 20:27:40,0.4152,c3.8xlarge,Linux/UNIX,us-west-1a
2014-03-05 20:33:19,0.4138,c3.8xlarge,Linux/UNIX,us-west-1a
2014-03-05 20:54:23,0.4152,c3.8xlarge,Linux/UNIX,us-west-1a
2014-03-05 20:55:47,0.4138,c3.8xlarge,Linux/UNIX,us-west-1a
2014-03-05 20:58:35,0.4161,c3.8xlarge,Linux/UNIX,us-west-1a
2014-03-05 21:11:14,0.5611,c3.8xlarge,Linux/UNIX,us-west-1a
2014-03-05 21:14:03,0.4891,c3.8xlarge,Linux/UNIX,us-west-1a
2014-03-05 21:28:09,0.4707,c3.8xlarge,Linux/UNIX,us-west-1a
2014-03-05 21:33:47,0.4891,c3.8xlarge,Linux/UNIX,us-west-1a
2014-03-05 22:59:51,0.4577,c3.8xlarge,Linux/UNIX,us-west-1a
2014-03-05 23:01:16,0.4232,c3.8xlarge,Linux/UNIX,us-west-1a
2014-03-05 23:06:55,0.4213,c3.8xlarge,Linux/UNIX,us-west-1a
2014-03-05 23:11:08,0.4232,c3.8xlarge,Linux/UNIX,us-west-1a
2014-03-05 23:15:22,0.4197,c3.8xlarge,Linux/UNIX,us-west-1a
2014-03-05 23:23:51,0.4213,c3.8xlarge,Linux/UNIX,us-west-1a
2014-03-05 23:25:16,0.4232,c3.8xlarge,Linux/UNIX,us-west-1a
2014-03-05 23:29:31,0.4183,c3.8xlarge,Linux/UNIX,us-west-1a
2014-03-05 23:32:22,0.4171,c3.8xlarge,Linux/UNIX,us-west-1a
2014-03-05 23:33:47,0.4183,c3.8xlarge,Linux/UNIX,us-west-1a
2014-03-05 23:42:15,0.4213,c3.8xlarge,Linux/UNIX,us-west-1a
2014-03-05 23:49:20,0.4183,c3.8xlarge,Linux/UNIX,us-west-1a
2014-03-06 00:00:41,0.4161,c3.8xlarge,Linux/UNIX,us-west-1a
2014-03-06 00:06:21,0.4145,c3.8xlarge,Linux/UNIX,us-west-1a
2014-03-06 00:10:36,0.4161,c3.8xlarge,Linux/UNIX,us-west-1a
2014-03-06 00:24:47,0.4183,c3.8xlarge,Linux/UNIX,us-west-1a
2014-03-06 00:26:13,0.4171,c3.8xlarge,Linux/UNIX,us-west-1a
2014-03-06 00:29:03,0.4183,c3.8xlarge,Linux/UNIX,us-west-1a
2014-03-06 00:30:29,0.4152,c3.8xlarge,Linux/UNIX,us-west-1a
2014-03-06 00:53:08,0.4171,c3.8xlarge,Linux/UNIX,us-west-1a
2014-03-06 00:54:33,0.4161,c3.8xlarge,Linux/UNIX,us-west-1a
2014-03-06 00:55:58,0.4171,c3.8xlarge,Linux/UNIX,us-west-1a
2014-03-06 01:00:14,0.4161,c3.8xlarge,Linux/UNIX,us-west-1a
2014-03-06 01:12:59,0.4145,c3.8xlarge,Linux/UNIX,us-west-1a
2014-03-06 01:45:37,0.4161,c3.8xlarge,Linux/UNIX,us-west-1a
2014-03-06 01:47:02,0.4183,c3.8xlarge,Linux/UNIX,us-west-1a
2014-03-06 01:55:29,0.4152,c3.8xlarge,Linux/UNIX,us-west-1a
2014-03-06 02:32:14,0.4171,c3.8xlarge,Linux/UNIX,us-west-1a
2014-03-06 02:33:38,0.4161,c3.8xlarge,Linux/UNIX,us-west-1a
2014-03-06 02:37:51,0.4171,c3.8xlarge,Linux/UNIX,us-west-1a
2014-03-06 02:39:16,0.4161,c3.8xlarge,Linux/UNIX,us-west-1a
2014-03-06 02:49:10,0.4171,c3.8xlarge,Linux/UNIX,us-west-1a
2014-03-06 02:59:02,0.4183,c3.8xlarge,Linux/UNIX,us-west-1a
2014-03-06 03:00:27,0.4161,c3.8xlarge,Linux/UNIX,us-west-1a
2014-03-06 03:06:06,0.4316,c3.8xlarge,Linux/UNIX,us-west-1a
2014-03-06 03:07:29,0.4413,c3.8xlarge,Linux/UNIX,us-west-1a
2014-03-06 03:08:54,0.4483,c3.8xlarge,Linux/UNIX,us-west-1a
2014-03-06 03:11:44,0.4577,c3.8xlarge,Linux/UNIX,us-west-1a
2014-03-06 03:28:39,0.4413,c3.8xlarge,Linux/UNIX,us-west-1a
2014-03-06 03:32:56,0.4359,c3.8xlarge,Linux/UNIX,us-west-1a
2014-03-06 03:41:26,0.4483,c3.8xlarge,Linux/UNIX,us-west-1a
2014-03-06 03:45:41,0.4413,c3.8xlarge,Linux/UNIX,us-west-1a
2014-03-06 03:48:32,0.4483,c3.8xlarge,Linux/UNIX,us-west-1a
2014-03-06 03:55:37,0.4282,c3.8xlarge,Linux/UNIX,us-west-1a
2014-03-06 03:57:02,0.4183,c3.8xlarge,Linux/UNIX,us-west-1a
2014-03-06 04:02:44,0.4282,c3.8xlarge,Linux/UNIX,us-west-1a
2014-03-06 04:06:59,0.4254,c3.8xlarge,Linux/UNIX,us-west-1a
2014-03-06 04:11:15,0.4282,c3.8xlarge,Linux/UNIX,us-west-1a
2014-03-06 04:25:27,0.4161,c3.8xlarge,Linux/UNIX,us-west-1a
2014-03-06 04:52:26,0.4171,c3.8xlarge,Linux/UNIX,us-west-1a
2014-03-06 05:06:39,0.4183,c3.8xlarge,Linux/UNIX,us-west-1a
2014-03-06 05:08:04,0.4213,c3.8xlarge,Linux/UNIX,us-west-1a
2014-03-06 05:09:29,0.4232,c3.8xlarge,Linux/UNIX,us-west-1a
2014-03-06 05:13:44,0.4171,c3.8xlarge,Linux/UNIX,us-west-1a
2014-03-06 05:29:21,0.4183,c3.8xlarge,Linux/UNIX,us-west-1a
2014-03-06 05:50:36,0.4171,c3.8xlarge,Linux/UNIX,us-west-1a
2014-03-06 05:53:27,0.4183,c3.8xlarge,Linux/UNIX,us-west-1a
2014-03-06 05:54:52,0.4171,c3.8xlarge,Linux/UNIX,us-west-1a
2014-03-06 05:59:09,0.4183,c3.8xlarge,Linux/UNIX,us-west-1a
2014-03-06 06:06:13,0.4213,c3.8xlarge,Linux/UNIX,us-west-1a
2014-03-06 06:07:38,0.4232,c3.8xlarge,Linux/UNIX,us-west-1a
2014-03-06 06:10:29,0.4213,c3.8xlarge,Linux/UNIX,us-west-1a
2014-03-06 06:11:55,0.4282,c3.8xlarge,Linux/UNIX,us-west-1a
2014-03-06 06:16:10,0.4232,c3.8xlarge,Linux/UNIX,us-west-1a
2014-03-06 06:21:52,0.4183,c3.8xlarge,Linux/UNIX,us-west-1a
2014-03-06 06:26:07,0.4213,c3.8xlarge,Linux/UNIX,us-west-1a
2014-03-06 06:48:47,0.4197,c3.8xlarge,Linux/UNIX,us-west-1a
2014-03-06 06:50:12,0.4183,c3.8xlarge,Linux/UNIX,us-west-1a
2014-03-06 06:51:38,0.4197,c3.8xlarge,Linux/UNIX,us-west-1a
2014-03-06 06:57:17,0.4213,c3.8xlarge,Linux/UNIX,us-west-1a
2014-03-06 07:02:56,0.4197,c3.8xlarge,Linux/UNIX,us-west-1a
2014-03-06 07:11:24,0.4213,c3.8xlarge,Linux/UNIX,us-west-1a
2014-03-06 07:15:38,0.4197,c3.8xlarge,Linux/UNIX,us-west-1a
2014-03-06 07:18:27,0.4213,c3.8xlarge,Linux/UNIX,us-west-1a
2014-03-06 07:49:30,0.4197,c3.8xlarge,Linux/UNIX,us-west-1a
2014-03-06 08:16:16,0.4183,c3.8xlarge,Linux/UNIX,us-west-1a
2014-03-06 08:24:43,0.4213,c3.8xlarge,Linux/UNIX,us-west-1a
2014-03-06 08:28:56,0.4183,c3.8xlarge,Linux/UNIX,us-west-1a
2014-03-06 08:30:22,0.4171,c3.8xlarge,Linux/UNIX,us-west-1a
2014-03-06 08:31:47,0.4183,c3.8xlarge,Linux/UNIX,us-west-1a
2014-03-06 08:34:37,0.4213,c3.8xlarge,Linux/UNIX,us-west-1a
2014-03-06 08:38:53,0.4145,c3.8xlarge,Linux/UNIX,us-west-1a
2014-03-06 08:54:31,0.4183,c3.8xlarge,Linux/UNIX,us-west-1a
2014-03-06 08:58:49,0.4152,c3.8xlarge,Linux/UNIX,us-west-1a
2014-03-06 09:01:39,0.4171,c3.8xlarge,Linux/UNIX,us-west-1a
2014-03-06 09:03:04,0.4232,c3.8xlarge,Linux/UNIX,us-west-1a
2014-03-06 09:05:54,2.7321,c3.8xlarge,Linux/UNIX,us-west-1a
2014-03-06 12:29:24,0.4132,c3.8xlarge,Linux/UNIX,us-west-1a
2014-03-06 12:30:50,0.4164,c3.8xlarge,Linux/UNIX,us-west-1a
2014-03-06 12:33:39,0.4132,c3.8xlarge,Linux/UNIX,us-west-1a
2014-03-06 12:40:45,0.4151,c3.8xlarge,Linux/UNIX,us-west-1a
2014-03-06 12:49:18,0.4132,c3.8xlarge,Linux/UNIX,us-west-1a
2014-03-06 12:57:51,0.4109,c3.8xlarge,Linux/UNIX,us-west-1a
2014-03-06 13:33:33,0.4125,c3.8xlarge,Linux/UNIX,us-west-1a
2014-03-06 13:42:05,0.4141,c3.8xlarge,Linux/UNIX,us-west-1a
2014-03-06 13:47:45,0.4164,c3.8xlarge,Linux/UNIX,us-west-1a
2014-03-06 13:52:02,0.4141,c3.8xlarge,Linux/UNIX,us-west-1a
2014-03-06 14:24:52,0.4104,c3.8xlarge,Linux/UNIX,us-west-1a
2014-03-06 15:12:02,0.4092,c3.8xlarge,Linux/UNIX,us-west-1a
2014-03-06 15:22:02,0.4113,c3.8xlarge,Linux/UNIX,us-west-1a
2014-03-06 15:26:20,0.4098,c3.8xlarge,Linux/UNIX,us-west-1a
2014-03-06 17:24:44,0.4109,c3.8xlarge,Linux/UNIX,us-west-1a
2014-03-06 18:01:56,0.4119,c3.8xlarge,Linux/UNIX,us-west-1a
2014-03-06 18:24:46,0.4151,c3.8xlarge,Linux/UNIX,us-west-1a
2014-03-06 18:29:02,0.4125,c3.8xlarge,Linux/UNIX,us-west-1a
2014-03-06 18:54:48,0.4151,c3.8xlarge,Linux/UNIX,us-west-1a
2014-03-06 18:56:14,0.4125,c3.8xlarge,Linux/UNIX,us-west-1a
2014-03-06 19:10:31,0.4151,c3.8xlarge,Linux/UNIX,us-west-1a
2014-03-06 19:16:13,0.4141,c3.8xlarge,Linux/UNIX,us-west-1a
2014-03-06 19:24:44,0.4151,c3.8xlarge,Linux/UNIX,us-west-1a
2014-03-06 19:50:15,0.4198,c3.8xlarge,Linux/UNIX,us-west-1a
2014-03-06 19:51:39,0.4222,c3.8xlarge,Linux/UNIX,us-west-1a
2014-03-06 20:02:59,0.4198,c3.8xlarge,Linux/UNIX,us-west-1a
2014-03-06 20:10:03,0.4253,c3.8xlarge,Linux/UNIX,us-west-1a
2014-03-06 20:15:44,0.4179,c3.8xlarge,Linux/UNIX,us-west-1a
2014-03-06 20:18:33,0.4198,c3.8xlarge,Linux/UNIX,us-west-1a
2014-03-06 20:19:58,0.4222,c3.8xlarge,Linux/UNIX,us-west-1a
2014-03-06 20:41:16,0.4535,c3.8xlarge,Linux/UNIX,us-west-1a
2014-03-06 20:42:41,0.4991,c3.8xlarge,Linux/UNIX,us-west-1a
2014-03-06 20:54:04,0.4535,c3.8xlarge,Linux/UNIX,us-west-1a
2014-03-06 21:04:01,0.4991,c3.8xlarge,Linux/UNIX,us-west-1a
2014-03-06 21:08:17,0.5514,c3.8xlarge,Linux/UNIX,us-west-1a
2014-03-06 21:09:42,0.4707,c3.8xlarge,Linux/UNIX,us-west-1a
2014-03-06 21:11:07,0.4348,c3.8xlarge,Linux/UNIX,us-west-1a
2014-03-06 21:23:52,0.4424,c3.8xlarge,Linux/UNIX,us-west-1a
2014-03-06 21:49:23,0.4348,c3.8xlarge,Linux/UNIX,us-west-1a
2014-03-06 21:55:02,0.4535,c3.8xlarge,Linux/UNIX,us-west-1a
2014-03-06 21:56:27,0.4348,c3.8xlarge,Linux/UNIX,us-west-1a
2014-03-06 22:04:58,0.4293,c3.8xlarge,Linux/UNIX,us-west-1a
2014-03-06 22:19:07,0.4535,c3.8xlarge,Linux/UNIX,us-west-1a
2014-03-06 22:24:48,0.4293,c3.8xlarge,Linux/UNIX,us-west-1a
2014-03-06 22:43:15,0.4253,c3.8xlarge,Linux/UNIX,us-west-1a
2014-03-06 22:50:21,0.4293,c3.8xlarge,Linux/UNIX,us-west-1a
2014-03-06 22:58:52,0.4348,c3.8xlarge,Linux/UNIX,us-west-1a
2014-03-06 23:01:45,0.4424,c3.8xlarge,Linux/UNIX,us-west-1a
2014-03-06 23:08:51,0.4348,c3.8xlarge,Linux/UNIX,us-west-1a
2014-03-06 23:24:31,0.4424,c3.8xlarge,Linux/UNIX,us-west-1a
2014-03-06 23:25:56,0.4348,c3.8xlarge,Linux/UNIX,us-west-1a
2014-03-06 23:30:13,0.4424,c3.8xlarge,Linux/UNIX,us-west-1a
2014-03-06 23:31:38,0.4348,c3.8xlarge,Linux/UNIX,us-west-1a
2014-03-06 23:38:43,0.4424,c3.8xlarge,Linux/UNIX,us-west-1a
2014-03-06 23:40:09,0.4991,c3.8xlarge,Linux/UNIX,us-west-1a
2014-03-06 23:48:37,0.4707,c3.8xlarge,Linux/UNIX,us-west-1a
2014-03-06 23:50:03,0.4991,c3.8xlarge,Linux/UNIX,us-west-1a
2014-03-07 00:33:59,0.4535,c3.8xlarge,Linux/UNIX,us-west-1a
2014-03-07 00:35:24,0.4991,c3.8xlarge,Linux/UNIX,us-west-1a
2014-03-07 01:44:56,0.5514,c3.8xlarge,Linux/UNIX,us-west-1a
2014-03-07 01:46:22,0.4991,c3.8xlarge,Linux/UNIX,us-west-1a
2014-03-07 02:25:57,0.5514,c3.8xlarge,Linux/UNIX,us-west-1a
2014-03-07 02:27:22,0.4991,c3.8xlarge,Linux/UNIX,us-west-1a
2014-03-07 02:35:52,0.5514,c3.8xlarge,Linux/UNIX,us-west-1a
2014-03-07 02:37:17,0.4991,c3.8xlarge,Linux/UNIX,us-west-1a
2014-03-07 03:11:12,0.4535,c3.8xlarge,Linux/UNIX,us-west-1a
2014-03-07 03:14:02,0.4991,c3.8xlarge,Linux/UNIX,us-west-1a
2014-03-07 03:32:29,0.9876,c3.8xlarge,Linux/UNIX,us-west-1a
2014-03-07 03:33:54,0.5514,c3.8xlarge,Linux/UNIX,us-west-1a
2014-03-07 03:35:19,0.4991,c3.8xlarge,Linux/UNIX,us-west-1a
2014-03-07 04:03:39,0.4535,c3.8xlarge,Linux/UNIX,us-west-1a
2014-03-07 04:05:06,0.4991,c3.8xlarge,Linux/UNIX,us-west-1a
2014-03-07 04:20:44,0.4535,c3.8xlarge,Linux/UNIX,us-west-1a
2014-03-07 04:22:11,0.4991,c3.8xlarge,Linux/UNIX,us-west-1a
2014-03-07 05:13:24,0.4707,c3.8xlarge,Linux/UNIX,us-west-1a
2014-03-07 05:14:49,0.4535,c3.8xlarge,Linux/UNIX,us-west-1a
2014-03-07 05:21:55,0.4707,c3.8xlarge,Linux/UNIX,us-west-1a
2014-03-07 05:30:28,0.4991,c3.8xlarge,Linux/UNIX,us-west-1a
2014-03-07 05:33:18,0.9876,c3.8xlarge,Linux/UNIX,us-west-1a
2014-03-07 05:34:43,0.4991,c3.8xlarge,Linux/UNIX,us-west-1a
2014-03-07 07:02:44,0.4707,c3.8xlarge,Linux/UNIX,us-west-1a
2014-03-07 07:04:10,0.4991,c3.8xlarge,Linux/UNIX,us-west-1a
2014-03-07 07:59:22,0.4707,c3.8xlarge,Linux/UNIX,us-west-1a
2014-03-07 08:00:46,0.4991,c3.8xlarge,Linux/UNIX,us-west-1a
2014-03-07 08:38:59,0.5514,c3.8xlarge,Linux/UNIX,us-west-1a
2014-03-07 08:40:25,0.4991,c3.8xlarge,Linux/UNIX,us-west-1a
2014-03-07 10:31:34,0.5514,c3.8xlarge,Linux/UNIX,us-west-1a
2014-03-07 10:32:59,0.4991,c3.8xlarge,Linux/UNIX,us-west-1a
2014-03-07 10:37:15,0.4707,c3.8xlarge,Linux/UNIX,us-west-1a
2014-03-07 10:47:13,0.4991,c3.8xlarge,Linux/UNIX,us-west-1a
2014-03-07 11:05:41,0.5514,c3.8xlarge,Linux/UNIX,us-west-1a
2014-03-07 11:07:06,0.4991,c3.8xlarge,Linux/UNIX,us-west-1a
2014-03-07 12:35:08,2.7321,c3.8xlarge,Linux/UNIX,us-west-1a
2014-03-07 12:37:58,0.4991,c3.8xlarge,Linux/UNIX,us-west-1a
2014-03-07 13:26:20,0.4707,c3.8xlarge,Linux/UNIX,us-west-1a
2014-03-07 13:27:45,0.4991,c3.8xlarge,Linux/UNIX,us-west-1a
2014-03-07 15:16:47,0.5514,c3.8xlarge,Linux/UNIX,us-west-1a
2014-03-07 15:18:12,0.4991,c3.8xlarge,Linux/UNIX,us-west-1a
2014-03-07 15:52:08,0.4535,c3.8xlarge,Linux/UNIX,us-west-1a
2014-03-07 15:53:33,0.4132,c3.8xlarge,Linux/UNIX,us-west-1a
2014-03-07 16:07:42,0.4179,c3.8xlarge,Linux/UNIX,us-west-1a
2014-03-07 16:24:38,0.4222,c3.8xlarge,Linux/UNIX,us-west-1a
2014-03-07 16:27:28,0.4179,c3.8xlarge,Linux/UNIX,us-west-1a
2014-03-07 16:33:09,0.4198,c3.8xlarge,Linux/UNIX,us-west-1a
2014-03-07 16:35:57,0.4293,c3.8xlarge,Linux/UNIX,us-west-1a
2014-03-07 16:37:23,0.4222,c3.8xlarge,Linux/UNIX,us-west-1a
2014-03-07 16:40:13,0.4198,c3.8xlarge,Linux/UNIX,us-west-1a
2014-03-07 16:41:37,0.4222,c3.8xlarge,Linux/UNIX,us-west-1a
2014-03-07 16:43:02,0.4198,c3.8xlarge,Linux/UNIX,us-west-1a
2014-03-07 16:52:57,0.4222,c3.8xlarge,Linux/UNIX,us-west-1a
2014-03-07 17:01:31,0.4179,c3.8xlarge,Linux/UNIX,us-west-1a
2014-03-07 17:02:55,0.4253,c3.8xlarge,Linux/UNIX,us-west-1a
2014-03-07 17:05:45,0.4179,c3.8xlarge,Linux/UNIX,us-west-1a
2014-03-07 17:07:10,0.4198,c3.8xlarge,Linux/UNIX,us-west-1a
2014-03-07 17:11:25,0.4179,c3.8xlarge,Linux/UNIX,us-west-1a
2014-03-07 17:14:15,0.4198,c3.8xlarge,Linux/UNIX,us-west-1a
2014-03-07 17:28:27,0.4222,c3.8xlarge,Linux/UNIX,us-west-1a
2014-03-07 17:45:26,0.4293,c3.8xlarge,Linux/UNIX,us-west-1a
2014-03-07 17:48:16,0.4253,c3.8xlarge,Linux/UNIX,us-west-1a
2014-03-07 17:52:31,0.4222,c3.8xlarge,Linux/UNIX,us-west-1a
2014-03-07 17:56:47,0.4198,c3.8xlarge,Linux/UNIX,us-west-1a
2014-03-07 18:05:17,0.4222,c3.8xlarge,Linux/UNIX,us-west-1a
2014-03-07 18:06:42,0.4424,c3.8xlarge,Linux/UNIX,us-west-1a
2014-03-07 18:12:22,0.4991,c3.8xlarge,Linux/UNIX,us-west-1a
2014-03-07 18:16:36,0.4707,c3.8xlarge,Linux/UNIX,us-west-1a
2014-03-07 18:18:02,0.5514,c3.8xlarge,Linux/UNIX,us-west-1a
2014-03-07 18:20:52,0.4293,c3.8xlarge,Linux/UNIX,us-west-1a
2014-03-07 18:42:07,0.4098,c3.8xlarge,Linux/UNIX,us-west-1a
2014-03-07 18:43:32,0.4109,c3.8xlarge,Linux/UNIX,us-west-1a
2014-03-07 18:47:46,0.4098,c3.8xlarge,Linux/UNIX,us-west-1a
2014-03-07 19:51:18,0.4125,c3.8xlarge,Linux/UNIX,us-west-1a
2014-03-07 19:58:22,0.4109,c3.8xlarge,Linux/UNIX,us-west-1a
2014-03-07 20:53:24,0.4098,c3.8xlarge,Linux/UNIX,us-west-1a
2014-03-07 21:30:04,0.4132,c3.8xlarge,Linux/UNIX,us-west-1a
2014-03-07 21:31:28,0.4198,c3.8xlarge,Linux/UNIX,us-west-1a
2014-03-07 21:34:17,0.409,c3.8xlarge,Linux/UNIX,us-west-1a
2014-03-07 23:31:52,0.4104,c3.8xlarge,Linux/UNIX,us-west-1a
2014-03-07 23:40:22,0.4092,c3.8xlarge,Linux/UNIX,us-west-1a
2014-03-07 23:58:42,0.4104,c3.8xlarge,Linux/UNIX,us-west-1a
2014-03-08 00:00:07,0.4119,c3.8xlarge,Linux/UNIX,us-west-1a
2014-03-08 00:02:58,0.4141,c3.8xlarge,Linux/UNIX,us-west-1a
2014-03-08 00:05:48,0.4119,c3.8xlarge,Linux/UNIX,us-west-1a
2014-03-08 00:07:12,0.4104,c3.8xlarge,Linux/UNIX,us-west-1a
2014-03-08 00:45:27,0.4125,c3.8xlarge,Linux/UNIX,us-west-1a
2014-03-08 00:51:07,0.4109,c3.8xlarge,Linux/UNIX,us-west-1a
2014-03-08 01:05:16,0.4125,c3.8xlarge,Linux/UNIX,us-west-1a
2014-03-08 01:13:46,0.4113,c3.8xlarge,Linux/UNIX,us-west-1a
2014-03-08 01:20:51,0.4132,c3.8xlarge,Linux/UNIX,us-west-1a
2014-03-08 02:10:21,0.4151,c3.8xlarge,Linux/UNIX,us-west-1a
2014-03-08 02:16:01,0.4125,c3.8xlarge,Linux/UNIX,us-west-1a
2014-03-08 03:12:33,0.4151,c3.8xlarge,Linux/UNIX,us-west-1a
2014-03-08 03:19:37,0.4164,c3.8xlarge,Linux/UNIX,us-west-1a
2014-03-08 03:55:02,0.4151,c3.8xlarge,Linux/UNIX,us-west-1a
2014-03-08 04:09:11,0.4141,c3.8xlarge,Linux/UNIX,us-west-1a
2014-03-08 04:16:16,0.4151,c3.8xlarge,Linux/UNIX,us-west-1a
2014-03-08 04:34:42,0.4198,c3.8xlarge,Linux/UNIX,us-west-1a
2014-03-08 05:17:12,0.4222,c3.8xlarge,Linux/UNIX,us-west-1a
2014-03-08 05:21:29,0.4293,c3.8xlarge,Linux/UNIX,us-west-1a
2014-03-08 05:25:44,0.4198,c3.8xlarge,Linux/UNIX,us-west-1a
2014-03-08 05:38:30,0.4222,c3.8xlarge,Linux/UNIX,us-west-1a
2014-03-08 05:45:38,0.4198,c3.8xlarge,Linux/UNIX,us-west-1a
2014-03-08 05:48:29,0.4348,c3.8xlarge,Linux/UNIX,us-west-1a
2014-03-08 05:51:19,0.4535,c3.8xlarge,Linux/UNIX,us-west-1a
2014-03-08 05:55:34,0.4293,c3.8xlarge,Linux/UNIX,us-west-1a
2014-03-08 05:56:59,0.4253,c3.8xlarge,Linux/UNIX,us-west-1a
2014-03-08 06:11:10,0.4293,c3.8xlarge,Linux/UNIX,us-west-1a
2014-03-08 06:16:51,0.4253,c3.8xlarge,Linux/UNIX,us-west-1a
2014-03-08 06:19:42,0.4293,c3.8xlarge,Linux/UNIX,us-west-1a
2014-03-08 06:55:01,0.4253,c3.8xlarge,Linux/UNIX,us-west-1a
2014-03-08 07:30:15,0.4179,c3.8xlarge,Linux/UNIX,us-west-1a
2014-03-08 07:45:46,0.4222,c3.8xlarge,Linux/UNIX,us-west-1a
2014-03-08 07:57:02,0.4293,c3.8xlarge,Linux/UNIX,us-west-1a
2014-03-08 08:16:45,0.4222,c3.8xlarge,Linux/UNIX,us-west-1a
2014-03-08 08:26:39,0.4198,c3.8xlarge,Linux/UNIX,us-west-1a
2014-03-08 08:33:40,0.4222,c3.8xlarge,Linux/UNIX,us-west-1a
2014-03-08 09:15:59,0.4348,c3.8xlarge,Linux/UNIX,us-west-1a
2014-03-08 09:20:12,0.4535,c3.8xlarge,Linux/UNIX,us-west-1a
2014-03-08 09:28:39,2.7321,c3.8xlarge,Linux/UNIX,us-west-1a
2014-03-08 13:23:06,0.4113,c3.8xlarge,Linux/UNIX,us-west-1a
2014-03-08 13:35:49,0.4101,c3.8xlarge,Linux/UNIX,us-west-1a
2014-03-08 14:35:01,0.4071,c3.8xlarge,Linux/UNIX,us-west-1a
2014-03-08 15:00:31,0.4348,c3.8xlarge,Linux/UNIX,us-west-1a
2014-03-08 15:03:21,0.4293,c3.8xlarge,Linux/UNIX,us-west-1a
2014-03-08 15:04:46,0.4348,c3.8xlarge,Linux/UNIX,us-west-1a
2014-03-08 15:06:12,0.4293,c3.8xlarge,Linux/UNIX,us-west-1a
2014-03-08 15:07:37,0.4535,c3.8xlarge,Linux/UNIX,us-west-1a
2014-03-08 15:09:02,0.4348,c3.8xlarge,Linux/UNIX,us-west-1a
2014-03-08 15:48:47,0.4119,c3.8xlarge,Linux/UNIX,us-west-1a
2014-03-08 16:35:38,0.4109,c3.8xlarge,Linux/UNIX,us-west-1a
2014-03-08 19:06:05,0.4064,c3.8xlarge,Linux/UNIX,us-west-1a
2014-03-09 19:07:05,0.4064,c3.8xlarge,Linux/UNIX,us-west-1a
2014-03-10 09:37:31,0.4079,c3.8xlarge,Linux/UNIX,us-west-1a
2014-03-10 10:28:02,0.4132,c3.8xlarge,Linux/UNIX,us-west-1a
2014-03-10 10:35:01,0.4113,c3.8xlarge,Linux/UNIX,us-west-1a
2014-03-10 10:43:30,0.4141,c3.8xlarge,Linux/UNIX,us-west-1a
2014-03-10 10:44:54,0.4179,c3.8xlarge,Linux/UNIX,us-west-1a
2014-03-10 10:46:19,0.4141,c3.8xlarge,Linux/UNIX,us-west-1a
2014-03-10 10:58:57,2.7321,c3.8xlarge,Linux/UNIX,us-west-1a
2014-03-10 13:09:55,0.9876,c3.8xlarge,Linux/UNIX,us-west-1a
2014-03-10 13:14:10,2.7321,c3.8xlarge,Linux/UNIX,us-west-1a
2014-03-10 13:29:42,0.4074,c3.8xlarge,Linux/UNIX,us-west-1a
2014-03-10 20:23:27,0.4063,c3.8xlarge,Linux/UNIX,us-west-1a
2014-03-11 05:53:14,0.4098,c3.8xlarge,Linux/UNIX,us-west-1a
2014-03-11 06:10:17,0.4086,c3.8xlarge,Linux/UNIX,us-west-1a
2014-03-11 08:50:08,0.4076,c3.8xlarge,Linux/UNIX,us-west-1a
2014-03-11 10:00:22,0.4104,c3.8xlarge,Linux/UNIX,us-west-1a
2014-03-11 10:26:12,0.4072,c3.8xlarge,Linux/UNIX,us-west-1a
2014-03-11 10:27:38,0.4085,c3.8xlarge,Linux/UNIX,us-west-1a
2014-03-11 10:37:40,0.4095,c3.8xlarge,Linux/UNIX,us-west-1a
2014-03-11 11:36:24,0.4085,c3.8xlarge,Linux/UNIX,us-west-1a
2014-03-11 13:05:22,0.4253,c3.8xlarge,Linux/UNIX,us-west-1a
2014-03-11 13:06:48,0.4222,c3.8xlarge,Linux/UNIX,us-west-1a
2014-03-11 13:28:12,2.7321,c3.8xlarge,Linux/UNIX,us-west-1a
2014-03-11 14:50:22,0.9876,c3.8xlarge,Linux/UNIX,us-west-1a
2014-03-11 15:11:39,2.7321,c3.8xlarge,Linux/UNIX,us-west-1a
2014-03-11 15:15:54,0.9876,c3.8xlarge,Linux/UNIX,us-west-1a
2014-03-11 15:23:00,2.7321,c3.8xlarge,Linux/UNIX,us-west-1a
2014-03-11 15:24:25,0.9876,c3.8xlarge,Linux/UNIX,us-west-1a
2014-03-11 15:59:59,2.7321,c3.8xlarge,Linux/UNIX,us-west-1a
2014-03-11 16:24:10,0.4075,c3.8xlarge,Linux/UNIX,us-west-1a
2014-03-11 20:38:38,0.4086,c3.8xlarge,Linux/UNIX,us-west-1a
2014-03-11 20:54:13,0.4119,c3.8xlarge,Linux/UNIX,us-west-1a
2014-03-11 20:55:38,0.4081,c3.8xlarge,Linux/UNIX,us-west-1a
2014-03-11 20:58:27,0.4119,c3.8xlarge,Linux/UNIX,us-west-1a
2014-03-11 21:06:58,0.4151,c3.8xlarge,Linux/UNIX,us-west-1a
2014-03-11 21:08:23,0.5514,c3.8xlarge,Linux/UNIX,us-west-1a
2014-03-11 21:09:48,0.4535,c3.8xlarge,Linux/UNIX,us-west-1a
2014-03-11 21:14:03,0.4991,c3.8xlarge,Linux/UNIX,us-west-1a
2014-03-11 21:28:15,0.4348,c3.8xlarge,Linux/UNIX,us-west-1a
2014-03-11 21:36:48,0.4991,c3.8xlarge,Linux/UNIX,us-west-1a
2014-03-11 21:41:04,0.6645,c3.8xlarge,Linux/UNIX,us-west-1a
2014-03-11 21:45:19,0.9876,c3.8xlarge,Linux/UNIX,us-west-1a
2014-03-11 21:48:10,0.6645,c3.8xlarge,Linux/UNIX,us-west-1a
2014-03-11 21:49:36,2.7321,c3.8xlarge,Linux/UNIX,us-west-1a
2014-03-11 23:17:40,0.6645,c3.8xlarge,Linux/UNIX,us-west-1a
2014-03-11 23:23:20,0.5514,c3.8xlarge,Linux/UNIX,us-west-1a
2014-03-11 23:27:35,0.9876,c3.8xlarge,Linux/UNIX,us-west-1a
2014-03-11 23:33:17,0.5514,c3.8xlarge,Linux/UNIX,us-west-1a
2014-03-11 23:50:20,0.6645,c3.8xlarge,Linux/UNIX,us-west-1a
2014-03-12 00:03:06,0.4424,c3.8xlarge,Linux/UNIX,us-west-1a
2014-03-12 00:07:21,0.4535,c3.8xlarge,Linux/UNIX,us-west-1a
2014-03-12 00:08:46,0.4707,c3.8xlarge,Linux/UNIX,us-west-1a
2014-03-12 00:10:11,0.4424,c3.8xlarge,Linux/UNIX,us-west-1a
2014-03-12 00:11:36,0.5514,c3.8xlarge,Linux/UNIX,us-west-1a
2014-03-12 00:14:26,0.6645,c3.8xlarge,Linux/UNIX,us-west-1a
2014-03-12 00:18:41,0.4991,c3.8xlarge,Linux/UNIX,us-west-1a
2014-03-12 00:20:07,0.4707,c3.8xlarge,Linux/UNIX,us-west-1a
2014-03-12 00:25:48,0.4991,c3.8xlarge,Linux/UNIX,us-west-1a
2014-03-12 00:31:29,0.4179,c3.8xlarge,Linux/UNIX,us-west-1a
2014-03-12 00:32:54,0.4151,c3.8xlarge,Linux/UNIX,us-west-1a
2014-03-12 00:35:44,0.4164,c3.8xlarge,Linux/UNIX,us-west-1a
2014-03-12 00:44:16,0.4293,c3.8xlarge,Linux/UNIX,us-west-1a
2014-03-12 00:47:06,0.4164,c3.8xlarge,Linux/UNIX,us-west-1a
2014-03-12 00:59:52,0.4083,c3.8xlarge,Linux/UNIX,us-west-1a
2014-03-12 01:14:02,0.4071,c3.8xlarge,Linux/UNIX,us-west-1a
2014-03-12 07:06:11,0.4081,c3.8xlarge,Linux/UNIX,us-west-1a
2014-03-12 07:11:50,0.4198,c3.8xlarge,Linux/UNIX,us-west-1a
2014-03-12 07:25:59,0.4179,c3.8xlarge,Linux/UNIX,us-west-1a
2014-03-12 07:33:04,0.4198,c3.8xlarge,Linux/UNIX,us-west-1a
2014-03-12 07:38:45,0.4179,c3.8xlarge,Linux/UNIX,us-west-1a
2014-03-12 07:41:35,0.4198,c3.8xlarge,Linux/UNIX,us-west-1a
2014-03-12 07:47:16,0.4179,c3.8xlarge,Linux/UNIX,us-west-1a
2014-03-12 07:48:42,0.4198,c3.8xlarge,Linux/UNIX,us-west-1a
2014-03-12 07:54:23,2.7321,c3.8xlarge,Linux/UNIX,us-west-1a
2014-03-12 14:07:57,0.4198,c3.8xlarge,Linux/UNIX,us-west-1a
2014-03-12 14:09:22,2.7321,c3.8xlarge,Linux/UNIX,us-west-1a
2014-03-12 14:45:01,0.4348,c3.8xlarge,Linux/UNIX,us-west-1a
2014-03-12 14:56:24,0.4707,c3.8xlarge,Linux/UNIX,us-west-1a
2014-03-12 15:29:09,0.4092,c3.8xlarge,Linux/UNIX,us-west-1a
2014-03-12 16:37:42,0.4066,c3.8xlarge,Linux/UNIX,us-west-1a
2014-03-13 05:59:20,0.4188,c3.8xlarge,Linux/UNIX,us-west-1a
2014-03-13 06:13:26,0.4201,c3.8xlarge,Linux/UNIX,us-west-1a
2014-03-13 06:19:07,0.4188,c3.8xlarge,Linux/UNIX,us-west-1a
2014-03-13 06:20:32,0.4201,c3.8xlarge,Linux/UNIX,us-west-1a
2014-03-13 06:24:48,0.4188,c3.8xlarge,Linux/UNIX,us-west-1a
2014-03-13 06:33:17,0.4208,c3.8xlarge,Linux/UNIX,us-west-1a
2014-03-13 06:36:07,0.4435,c3.8xlarge,Linux/UNIX,us-west-1a
2014-03-13 06:37:31,0.4395,c3.8xlarge,Linux/UNIX,us-west-1a
2014-03-13 06:38:56,0.4377,c3.8xlarge,Linux/UNIX,us-west-1a
2014-03-13 06:41:46,0.4361,c3.8xlarge,Linux/UNIX,us-west-1a
2014-03-13 06:43:11,0.4377,c3.8xlarge,Linux/UNIX,us-west-1a
2014-03-13 06:44:36,0.4483,c3.8xlarge,Linux/UNIX,us-west-1a
2014-03-13 06:54:30,0.4614,c3.8xlarge,Linux/UNIX,us-west-1a
2014-03-13 06:57:21,0.4511,c3.8xlarge,Linux/UNIX,us-west-1a
2014-03-13 07:03:02,0.4483,c3.8xlarge,Linux/UNIX,us-west-1a
2014-03-13 07:05:53,0.4542,c3.8xlarge,Linux/UNIX,us-west-1a
2014-03-13 07:10:08,0.5168,c3.8xlarge,Linux/UNIX,us-west-1a
2014-03-13 07:11:32,0.503,c3.8xlarge,Linux/UNIX,us-west-1a
2014-03-13 07:12:57,0.5,c3.8xlarge,Linux/UNIX,us-west-1a
2014-03-13 07:14:21,0.4776,c3.8xlarge,Linux/UNIX,us-west-1a
2014-03-13 07:15:47,0.5,c3.8xlarge,Linux/UNIX,us-west-1a
2014-03-13 07:17:11,0.4891,c3.8xlarge,Linux/UNIX,us-west-1a
2014-03-13 07:18:36,0.5,c3.8xlarge,Linux/UNIX,us-west-1a
2014-03-13 07:45:29,0.4095,c3.8xlarge,Linux/UNIX,us-west-1a
2014-03-13 07:48:19,0.4991,c3.8xlarge,Linux/UNIX,us-west-1a
2014-03-13 07:51:08,0.4707,c3.8xlarge,Linux/UNIX,us-west-1a
2014-03-13 08:05:18,0.4991,c3.8xlarge,Linux/UNIX,us-west-1a
2014-03-13 08:18:05,2.7321,c3.8xlarge,Linux/UNIX,us-west-1a
2014-03-13 12:29:38,0.5514,c3.8xlarge,Linux/UNIX,us-west-1a
2014-03-13 12:31:03,0.4707,c3.8xlarge,Linux/UNIX,us-west-1a
2014-03-13 12:32:26,0.4164,c3.8xlarge,Linux/UNIX,us-west-1a
2014-03-13 12:35:14,0.4179,c3.8xlarge,Linux/UNIX,us-west-1a
2014-03-13 12:46:26,0.4068,c3.8xlarge,Linux/UNIX,us-west-1a
2014-03-13 14:06:26,0.4079,c3.8xlarge,Linux/UNIX,us-west-1a
2014-03-13 14:10:38,0.4069,c3.8xlarge,Linux/UNIX,us-west-1a
2014-03-14 00:39:36,0.4079,c3.8xlarge,Linux/UNIX,us-west-1a
2014-03-14 04:29:03,0.4158,c3.8xlarge,Linux/UNIX,us-west-1a
2014-03-14 04:31:53,0.4168,c3.8xlarge,Linux/UNIX,us-west-1a
2014-03-14 04:34:41,0.4158,c3.8xlarge,Linux/UNIX,us-west-1a
2014-03-14 04:43:11,0.4168,c3.8xlarge,Linux/UNIX,us-west-1a
2014-03-14 04:44:35,0.4158,c3.8xlarge,Linux/UNIX,us-west-1a
2014-03-14 04:47:26,0.4168,c3.8xlarge,Linux/UNIX,us-west-1a
2014-03-14 05:10:10,0.4158,c3.8xlarge,Linux/UNIX,us-west-1a
2014-03-14 05:12:59,0.4175,c3.8xlarge,Linux/UNIX,us-west-1a
2014-03-14 05:14:24,0.4158,c3.8xlarge,Linux/UNIX,us-west-1a
2014-03-14 05:15:49,0.4175,c3.8xlarge,Linux/UNIX,us-west-1a
2014-03-14 05:46:55,0.4194,c3.8xlarge,Linux/UNIX,us-west-1a
2014-03-14 05:49:47,0.4175,c3.8xlarge,Linux/UNIX,us-west-1a
2014-03-14 06:09:34,0.4153,c3.8xlarge,Linux/UNIX,us-west-1a
2014-03-14 06:25:09,0.4175,c3.8xlarge,Linux/UNIX,us-west-1a
2014-03-14 06:29:23,0.4147,c3.8xlarge,Linux/UNIX,us-west-1a
2014-03-14 06:33:37,0.4175,c3.8xlarge,Linux/UNIX,us-west-1a
2014-03-14 06:40:40,0.4073,c3.8xlarge,Linux/UNIX,us-west-1a
2014-03-14 09:29:18,0.4125,c3.8xlarge,Linux/UNIX,us-west-1a
2014-03-14 09:43:28,2.7321,c3.8xlarge,Linux/UNIX,us-west-1a
2014-03-14 14:22:08,0.6645,c3.8xlarge,Linux/UNIX,us-west-1a
2014-03-14 14:23:32,0.4071,c3.8xlarge,Linux/UNIX,us-west-1a
2014-03-14 16:56:25,0.4095,c3.8xlarge,Linux/UNIX,us-west-1a
2014-03-14 16:59:15,0.4085,c3.8xlarge,Linux/UNIX,us-west-1a
2014-03-14 22:37:37,0.4095,c3.8xlarge,Linux/UNIX,us-west-1a
2014-03-14 23:21:32,0.4085,c3.8xlarge,Linux/UNIX,us-west-1a
2014-03-14 23:27:13,0.4098,c3.8xlarge,Linux/UNIX,us-west-1a
2014-03-14 23:37:07,0.4198,c3.8xlarge,Linux/UNIX,us-west-1a
2014-03-14 23:38:32,0.4164,c3.8xlarge,Linux/UNIX,us-west-1a
2014-03-14 23:39:57,0.4119,c3.8xlarge,Linux/UNIX,us-west-1a
2014-03-14 23:55:29,0.4104,c3.8xlarge,Linux/UNIX,us-west-1a
2014-03-15 00:08:10,0.4086,c3.8xlarge,Linux/UNIX,us-west-1a
2014-03-15 01:27:20,0.4105,c3.8xlarge,Linux/UNIX,us-west-1a
2014-03-15 01:42:52,0.4082,c3.8xlarge,Linux/UNIX,us-west-1a
2014-03-15 02:09:40,0.4102,c3.8xlarge,Linux/UNIX,us-west-1a
2014-03-15 02:44:57,0.4086,c3.8xlarge,Linux/UNIX,us-west-1a
2014-03-15 03:27:17,0.4071,c3.8xlarge,Linux/UNIX,us-west-1a
2014-03-15 03:49:52,0.4086,c3.8xlarge,Linux/UNIX,us-west-1a
2014-03-15 03:55:30,0.4071,c3.8xlarge,Linux/UNIX,us-west-1a
2014-03-15 07:22:34,0.409,c3.8xlarge,Linux/UNIX,us-west-1a
2014-03-15 07:28:13,0.4119,c3.8xlarge,Linux/UNIX,us-west-1a
2014-03-15 07:29:37,0.4086,c3.8xlarge,Linux/UNIX,us-west-1a
2014-03-15 07:36:39,0.4104,c3.8xlarge,Linux/UNIX,us-west-1a
2014-03-15 07:42:16,0.4088,c3.8xlarge,Linux/UNIX,us-west-1a
2014-03-15 07:47:52,0.4293,c3.8xlarge,Linux/UNIX,us-west-1a
2014-03-15 07:54:55,0.4253,c3.8xlarge,Linux/UNIX,us-west-1a
2014-03-15 08:00:33,2.7321,c3.8xlarge,Linux/UNIX,us-west-1a
2014-03-15 09:41:39,0.4253,c3.8xlarge,Linux/UNIX,us-west-1a
2014-03-15 09:43:03,2.7321,c3.8xlarge,Linux/UNIX,us-west-1a
2014-03-15 09:58:32,0.6645,c3.8xlarge,Linux/UNIX,us-west-1a
2014-03-15 09:59:56,2.7321,c3.8xlarge,Linux/UNIX,us-west-1a
2014-03-15 14:33:49,0.4074,c3.8xlarge,Linux/UNIX,us-west-1a
2014-03-15 18:07:52,0.4064,c3.8xlarge,Linux/UNIX,us-west-1a
2014-03-16 18:09:14,0.4064,c3.8xlarge,Linux/UNIX,us-west-1a
2014-03-16 19:08:56,0.4074,c3.8xlarge,Linux/UNIX,us-west-1a
2014-03-17 19:09:47,0.4074,c3.8xlarge,Linux/UNIX,us-west-1a
2014-03-18 19:11:09,0.4074,c3.8xlarge,Linux/UNIX,us-west-1a
2014-03-18 20:52:09,0.4064,c3.8xlarge,Linux/UNIX,us-west-1a
2014-03-18 23:11:28,0.4067,c3.8xlarge,Linux/UNIX,us-west-1a
2014-03-18 23:33:46,0.4066,c3.8xlarge,Linux/UNIX,us-west-1a
2014-03-18 23:36:34,0.4067,c3.8xlarge,Linux/UNIX,us-west-1a
2014-03-19 00:14:21,0.4066,c3.8xlarge,Linux/UNIX,us-west-1a
2014-03-19 00:17:08,0.4067,c3.8xlarge,Linux/UNIX,us-west-1a
2014-03-19 00:33:58,0.4066,c3.8xlarge,Linux/UNIX,us-west-1a
2014-03-19 00:35:22,0.4067,c3.8xlarge,Linux/UNIX,us-west-1a
2014-03-19 00:39:33,0.4068,c3.8xlarge,Linux/UNIX,us-west-1a
2014-03-19 00:49:22,0.4067,c3.8xlarge,Linux/UNIX,us-west-1a
2014-03-19 00:52:10,0.4068,c3.8xlarge,Linux/UNIX,us-west-1a
2014-03-19 00:53:34,0.4069,c3.8xlarge,Linux/UNIX,us-west-1a
2014-03-19 00:54:57,0.407,c3.8xlarge,Linux/UNIX,us-west-1a
2014-03-19 00:57:45,0.4072,c3.8xlarge,Linux/UNIX,us-west-1a
2014-03-19 00:59:10,0.4073,c3.8xlarge,Linux/UNIX,us-west-1a
2014-03-19 01:00:34,0.4074,c3.8xlarge,Linux/UNIX,us-west-1a
2014-03-19 01:01:58,0.4089,c3.8xlarge,Linux/UNIX,us-west-1a
2014-03-19 01:07:34,0.409,c3.8xlarge,Linux/UNIX,us-west-1a
2014-03-19 01:13:10,0.4106,c3.8xlarge,Linux/UNIX,us-west-1a
2014-03-19 01:17:22,0.4102,c3.8xlarge,Linux/UNIX,us-west-1a
2014-03-19 01:18:46,0.41,c3.8xlarge,Linux/UNIX,us-west-1a
2014-03-19 01:20:12,0.4106,c3.8xlarge,Linux/UNIX,us-west-1a
2014-03-19 01:21:37,0.4102,c3.8xlarge,Linux/UNIX,us-west-1a
2014-03-19 01:32:53,0.4109,c3.8xlarge,Linux/UNIX,us-west-1a
2014-03-19 01:34:17,0.4112,c3.8xlarge,Linux/UNIX,us-west-1a
2014-03-19 01:35:41,0.4109,c3.8xlarge,Linux/UNIX,us-west-1a
2014-03-19 01:37:06,0.4118,c3.8xlarge,Linux/UNIX,us-west-1a
2014-03-19 01:38:30,0.4112,c3.8xlarge,Linux/UNIX,us-west-1a
2014-03-19 01:39:54,0.4102,c3.8xlarge,Linux/UNIX,us-west-1a
2014-03-19 01:48:22,0.4097,c3.8xlarge,Linux/UNIX,us-west-1a
2014-03-19 01:49:46,0.4092,c3.8xlarge,Linux/UNIX,us-west-1a
2014-03-19 01:52:34,0.409,c3.8xlarge,Linux/UNIX,us-west-1a
2014-03-19 01:53:58,0.4086,c3.8xlarge,Linux/UNIX,us-west-1a
2014-03-19 01:55:22,0.4085,c3.8xlarge,Linux/UNIX,us-west-1a
2014-03-19 01:56:46,0.4083,c3.8xlarge,Linux/UNIX,us-west-1a
2014-03-19 01:59:36,0.4085,c3.8xlarge,Linux/UNIX,us-west-1a
2014-03-19 02:01:01,0.409,c3.8xlarge,Linux/UNIX,us-west-1a
2014-03-19 02:05:16,0.4087,c3.8xlarge,Linux/UNIX,us-west-1a
2014-03-19 02:06:41,0.4079,c3.8xlarge,Linux/UNIX,us-west-1a
2014-03-19 02:09:29,0.4078,c3.8xlarge,Linux/UNIX,us-west-1a
2014-03-19 02:12:19,0.4077,c3.8xlarge,Linux/UNIX,us-west-1a
2014-03-19 02:17:57,0.4078,c3.8xlarge,Linux/UNIX,us-west-1a
2014-03-19 02:20:47,0.4079,c3.8xlarge,Linux/UNIX,us-west-1a
2014-03-19 02:23:36,0.4078,c3.8xlarge,Linux/UNIX,us-west-1a
2014-03-19 02:32:06,0.4077,c3.8xlarge,Linux/UNIX,us-west-1a
2014-03-19 02:36:19,0.4076,c3.8xlarge,Linux/UNIX,us-west-1a
2014-03-19 02:37:44,0.4075,c3.8xlarge,Linux/UNIX,us-west-1a
2014-03-19 02:40:34,0.4074,c3.8xlarge,Linux/UNIX,us-west-1a
2014-03-19 02:50:26,0.4075,c3.8xlarge,Linux/UNIX,us-west-1a
2014-03-19 03:07:25,0.4073,c3.8xlarge,Linux/UNIX,us-west-1a
2014-03-19 03:48:36,0.4077,c3.8xlarge,Linux/UNIX,us-west-1a
2014-03-19 03:51:26,0.4079,c3.8xlarge,Linux/UNIX,us-west-1a
2014-03-19 04:00:01,0.4078,c3.8xlarge,Linux/UNIX,us-west-1a
2014-03-19 04:02:53,0.4074,c3.8xlarge,Linux/UNIX,us-west-1a
2014-03-19 04:15:45,0.4075,c3.8xlarge,Linux/UNIX,us-west-1a
2014-03-19 04:20:00,0.4076,c3.8xlarge,Linux/UNIX,us-west-1a
2014-03-19 04:22:51,0.4075,c3.8xlarge,Linux/UNIX,us-west-1a
2014-03-19 04:24:17,0.4074,c3.8xlarge,Linux/UNIX,us-west-1a
2014-03-19 04:27:09,0.4073,c3.8xlarge,Linux/UNIX,us-west-1a
2014-03-19 04:59:51,0.4074,c3.8xlarge,Linux/UNIX,us-west-1a
2014-03-19 05:08:23,0.4075,c3.8xlarge,Linux/UNIX,us-west-1a
2014-03-19 05:11:13,0.4076,c3.8xlarge,Linux/UNIX,us-west-1a
2014-03-19 05:12:38,0.4075,c3.8xlarge,Linux/UNIX,us-west-1a
2014-03-19 05:21:08,0.4074,c3.8xlarge,Linux/UNIX,us-west-1a
2014-03-19 05:26:49,0.4079,c3.8xlarge,Linux/UNIX,us-west-1a
2014-03-19 05:36:45,0.4074,c3.8xlarge,Linux/UNIX,us-west-1a
2014-03-19 05:59:30,0.4076,c3.8xlarge,Linux/UNIX,us-west-1a
2014-03-19 06:02:23,0.4077,c3.8xlarge,Linux/UNIX,us-west-1a
2014-03-19 06:03:48,0.4075,c3.8xlarge,Linux/UNIX,us-west-1a
2014-03-19 06:06:39,0.4073,c3.8xlarge,Linux/UNIX,us-west-1a
2014-03-19 06:12:21,0.4075,c3.8xlarge,Linux/UNIX,us-west-1a
2014-03-19 06:16:38,0.4074,c3.8xlarge,Linux/UNIX,us-west-1a
2014-03-19 06:20:53,0.4073,c3.8xlarge,Linux/UNIX,us-west-1a
2014-03-19 06:39:25,0.4075,c3.8xlarge,Linux/UNIX,us-west-1a
2014-03-19 06:40:50,0.4074,c3.8xlarge,Linux/UNIX,us-west-1a
2014-03-19 06:47:58,0.4073,c3.8xlarge,Linux/UNIX,us-west-1a
2014-03-19 06:56:32,0.4074,c3.8xlarge,Linux/UNIX,us-west-1a
2014-03-19 06:59:23,0.4073,c3.8xlarge,Linux/UNIX,us-west-1a
2014-03-19 07:42:16,0.4075,c3.8xlarge,Linux/UNIX,us-west-1a
2014-03-19 07:46:34,0.409,c3.8xlarge,Linux/UNIX,us-west-1a
2014-03-19 07:49:26,0.4144,c3.8xlarge,Linux/UNIX,us-west-1a
2014-03-19 08:00:51,0.4138,c3.8xlarge,Linux/UNIX,us-west-1a
2014-03-19 08:12:17,0.4133,c3.8xlarge,Linux/UNIX,us-west-1a
2014-03-19 08:13:43,0.4205,c3.8xlarge,Linux/UNIX,us-west-1a
2014-03-19 08:15:09,0.4193,c3.8xlarge,Linux/UNIX,us-west-1a
2014-03-19 08:20:52,0.4145,c3.8xlarge,Linux/UNIX,us-west-1a
2014-03-19 08:39:31,0.5168,c3.8xlarge,Linux/UNIX,us-west-1a
2014-03-19 08:59:35,2.7321,c3.8xlarge,Linux/UNIX,us-west-1a
2014-03-19 10:27:33,0.4348,c3.8xlarge,Linux/UNIX,us-west-1a
2014-03-19 10:49:14,0.4293,c3.8xlarge,Linux/UNIX,us-west-1a
2014-03-19 11:02:14,0.4253,c3.8xlarge,Linux/UNIX,us-west-1a
2014-03-19 11:09:30,0.4348,c3.8xlarge,Linux/UNIX,us-west-1a
2014-03-19 11:19:38,0.4424,c3.8xlarge,Linux/UNIX,us-west-1a
2014-03-19 11:21:04,0.4253,c3.8xlarge,Linux/UNIX,us-west-1a
2014-03-19 11:31:14,0.4062,c3.8xlarge,Linux/UNIX,us-west-1a
2014-03-19 12:32:33,0.4063,c3.8xlarge,Linux/UNIX,us-west-1a
2014-03-19 12:36:54,0.4062,c3.8xlarge,Linux/UNIX,us-west-1a
2014-03-19 18:52:59,0.4063,c3.8xlarge,Linux/UNIX,us-west-1a
2014-03-19 19:21:01,0.4065,c3.8xlarge,Linux/UNIX,us-west-1a
2014-03-19 20:15:00,0.4064,c3.8xlarge,Linux/UNIX,us-west-1a
2014-03-19 21:16:34,0.4065,c3.8xlarge,Linux/UNIX,us-west-1a
2014-03-19 21:23:55,0.4064,c3.8xlarge,Linux/UNIX,us-west-1a
2014-03-19 21:29:47,0.4065,c3.8xlarge,Linux/UNIX,us-west-1a
2014-03-19 21:53:19,0.4063,c3.8xlarge,Linux/UNIX,us-west-1a
2014-03-19 22:34:38,0.4064,c3.8xlarge,Linux/UNIX,us-west-1a
2014-03-19 22:43:29,0.4065,c3.8xlarge,Linux/UNIX,us-west-1a
2014-03-19 22:49:22,0.4064,c3.8xlarge,Linux/UNIX,us-west-1a
2014-03-19 23:33:57,0.4065,c3.8xlarge,Linux/UNIX,us-west-1a
2014-03-19 23:50:47,0.4063,c3.8xlarge,Linux/UNIX,us-west-1a
2014-03-19 23:54:59,0.4064,c3.8xlarge,Linux/UNIX,us-west-1a
2014-03-19 23:57:48,0.4063,c3.8xlarge,Linux/UNIX,us-west-1a
2014-03-20 00:03:24,0.4064,c3.8xlarge,Linux/UNIX,us-west-1a
2014-03-20 00:07:36,0.4063,c3.8xlarge,Linux/UNIX,us-west-1a
2014-03-20 00:34:15,0.4064,c3.8xlarge,Linux/UNIX,us-west-1a
2014-03-20 00:41:17,0.4063,c3.8xlarge,Linux/UNIX,us-west-1a
2014-03-20 01:13:43,0.4064,c3.8xlarge,Linux/UNIX,us-west-1a
2014-03-20 01:22:11,0.4063,c3.8xlarge,Linux/UNIX,us-west-1a
2014-03-20 01:23:35,0.4065,c3.8xlarge,Linux/UNIX,us-west-1a
2014-03-20 02:28:39,0.4066,c3.8xlarge,Linux/UNIX,us-west-1a
2014-03-20 03:01:25,0.4065,c3.8xlarge,Linux/UNIX,us-west-1a
2014-03-20 03:22:46,0.4064,c3.8xlarge,Linux/UNIX,us-west-1a
2014-03-20 03:32:45,0.4063,c3.8xlarge,Linux/UNIX,us-west-1a
2014-03-20 08:25:26,0.4064,c3.8xlarge,Linux/UNIX,us-west-1a
2014-03-20 08:28:17,0.4063,c3.8xlarge,Linux/UNIX,us-west-1a
2014-03-20 09:15:35,0.4064,c3.8xlarge,Linux/UNIX,us-west-1a
2014-03-20 09:29:54,0.4066,c3.8xlarge,Linux/UNIX,us-west-1a
2014-03-20 09:42:48,0.4069,c3.8xlarge,Linux/UNIX,us-west-1a
2014-03-20 09:45:40,0.407,c3.8xlarge,Linux/UNIX,us-west-1a
2014-03-20 09:47:06,0.408,c3.8xlarge,Linux/UNIX,us-west-1a
2014-03-20 09:48:32,0.4078,c3.8xlarge,Linux/UNIX,us-west-1a
2014-03-20 09:49:58,0.4079,c3.8xlarge,Linux/UNIX,us-west-1a
2014-03-20 09:54:16,0.4114,c3.8xlarge,Linux/UNIX,us-west-1a
2014-03-20 09:57:09,0.4413,c3.8xlarge,Linux/UNIX,us-west-1a
2014-03-20 10:02:57,2.7321,c3.8xlarge,Linux/UNIX,us-west-1a
2014-03-20 12:26:12,0.4067,c3.8xlarge,Linux/UNIX,us-west-1a
2014-03-20 13:09:50,0.4074,c3.8xlarge,Linux/UNIX,us-west-1a
2014-03-20 13:28:46,0.4065,c3.8xlarge,Linux/UNIX,us-west-1a
2014-03-20 13:30:14,0.4064,c3.8xlarge,Linux/UNIX,us-west-1a
2014-03-20 13:34:36,0.4063,c3.8xlarge,Linux/UNIX,us-west-1a
2014-03-20 15:02:05,0.4062,c3.8xlarge,Linux/UNIX,us-west-1a
2014-03-20 15:03:32,0.4063,c3.8xlarge,Linux/UNIX,us-west-1a
2014-03-20 15:40:09,0.4066,c3.8xlarge,Linux/UNIX,us-west-1a
2014-03-20 15:50:23,0.4069,c3.8xlarge,Linux/UNIX,us-west-1a
2014-03-20 16:30:02,0.407,c3.8xlarge,Linux/UNIX,us-west-1a
2014-03-20 16:35:56,0.4068,c3.8xlarge,Linux/UNIX,us-west-1a
2014-03-20 16:50:41,0.4065,c3.8xlarge,Linux/UNIX,us-west-1a
2014-03-20 17:30:25,0.4066,c3.8xlarge,Linux/UNIX,us-west-1a
2014-03-20 17:39:16,0.4065,c3.8xlarge,Linux/UNIX,us-west-1a
2014-03-20 18:17:43,0.4066,c3.8xlarge,Linux/UNIX,us-west-1a
2014-03-20 18:22:09,0.4065,c3.8xlarge,Linux/UNIX,us-west-1a
2014-03-20 18:28:04,0.4064,c3.8xlarge,Linux/UNIX,us-west-1a
2014-03-20 18:36:55,0.4063,c3.8xlarge,Linux/UNIX,us-west-1a
2014-03-20 18:42:49,0.4064,c3.8xlarge,Linux/UNIX,us-west-1a
2014-03-20 18:45:46,0.4063,c3.8xlarge,Linux/UNIX,us-west-1a
2014-03-20 18:48:43,0.4064,c3.8xlarge,Linux/UNIX,us-west-1a
2014-03-20 19:15:22,0.4063,c3.8xlarge,Linux/UNIX,us-west-1a
2014-03-20 19:40:21,0.4064,c3.8xlarge,Linux/UNIX,us-west-1a
2014-03-20 20:02:20,0.4063,c3.8xlarge,Linux/UNIX,us-west-1a
2014-03-20 20:03:49,0.4064,c3.8xlarge,Linux/UNIX,us-west-1a
2014-03-20 21:33:26,0.4063,c3.8xlarge,Linux/UNIX,us-west-1a
2014-03-21 01:48:34,0.4065,c3.8xlarge,Linux/UNIX,us-west-1a
2014-03-21 02:06:50,0.4064,c3.8xlarge,Linux/UNIX,us-west-1a
2014-03-21 04:06:50,0.4063,c3.8xlarge,Linux/UNIX,us-west-1a
2014-03-21 08:32:08,0.4065,c3.8xlarge,Linux/UNIX,us-west-1a
2014-03-21 08:33:33,0.4067,c3.8xlarge,Linux/UNIX,us-west-1a
2014-03-21 08:34:58,0.4069,c3.8xlarge,Linux/UNIX,us-west-1a
2014-03-21 08:39:16,0.407,c3.8xlarge,Linux/UNIX,us-west-1a
2014-03-21 08:46:25,0.4069,c3.8xlarge,Linux/UNIX,us-west-1a
2014-03-21 08:49:16,0.407,c3.8xlarge,Linux/UNIX,us-west-1a
2014-03-21 08:56:25,0.4069,c3.8xlarge,Linux/UNIX,us-west-1a
2014-03-21 08:57:50,0.407,c3.8xlarge,Linux/UNIX,us-west-1a
2014-03-21 09:05:00,0.4069,c3.8xlarge,Linux/UNIX,us-west-1a
2014-03-21 09:09:17,0.407,c3.8xlarge,Linux/UNIX,us-west-1a
2014-03-21 09:16:26,0.4069,c3.8xlarge,Linux/UNIX,us-west-1a
2014-03-21 09:17:52,0.407,c3.8xlarge,Linux/UNIX,us-west-1a
2014-03-21 09:26:29,0.4069,c3.8xlarge,Linux/UNIX,us-west-1a
2014-03-21 09:33:39,0.407,c3.8xlarge,Linux/UNIX,us-west-1a
2014-03-21 09:39:24,0.4069,c3.8xlarge,Linux/UNIX,us-west-1a
2014-03-21 10:15:17,0.407,c3.8xlarge,Linux/UNIX,us-west-1a
2014-03-21 10:22:28,0.4069,c3.8xlarge,Linux/UNIX,us-west-1a
2014-03-21 10:33:59,0.407,c3.8xlarge,Linux/UNIX,us-west-1a
2014-03-21 10:38:19,0.4069,c3.8xlarge,Linux/UNIX,us-west-1a
2014-03-21 10:55:36,0.4073,c3.8xlarge,Linux/UNIX,us-west-1a
2014-03-21 11:56:18,0.4074,c3.8xlarge,Linux/UNIX,us-west-1a
2014-03-21 12:02:05,0.4073,c3.8xlarge,Linux/UNIX,us-west-1a
2014-03-21 12:25:18,0.4074,c3.8xlarge,Linux/UNIX,us-west-1a
2014-03-21 13:11:43,0.4075,c3.8xlarge,Linux/UNIX,us-west-1a
2014-03-21 13:13:09,0.4077,c3.8xlarge,Linux/UNIX,us-west-1a
2014-03-21 13:16:04,0.4075,c3.8xlarge,Linux/UNIX,us-west-1a
2014-03-21 13:17:30,0.4074,c3.8xlarge,Linux/UNIX,us-west-1a
2014-03-21 13:55:07,0.4075,c3.8xlarge,Linux/UNIX,us-west-1a
2014-03-21 13:59:26,0.4074,c3.8xlarge,Linux/UNIX,us-west-1a
2014-03-21 14:00:53,0.4076,c3.8xlarge,Linux/UNIX,us-west-1a
2014-03-21 14:02:19,0.4075,c3.8xlarge,Linux/UNIX,us-west-1a
2014-03-21 14:06:39,0.4074,c3.8xlarge,Linux/UNIX,us-west-1a
2014-03-21 14:31:15,0.4075,c3.8xlarge,Linux/UNIX,us-west-1a
2014-03-21 14:48:45,0.4077,c3.8xlarge,Linux/UNIX,us-west-1a
2014-03-21 14:51:42,0.4075,c3.8xlarge,Linux/UNIX,us-west-1a
2014-03-21 14:58:59,0.4074,c3.8xlarge,Linux/UNIX,us-west-1a
2014-03-21 15:25:16,0.4075,c3.8xlarge,Linux/UNIX,us-west-1a
2014-03-21 15:31:06,0.4074,c3.8xlarge,Linux/UNIX,us-west-1a
2014-03-21 15:32:34,0.4075,c3.8xlarge,Linux/UNIX,us-west-1a
2014-03-21 15:39:54,0.4074,c3.8xlarge,Linux/UNIX,us-west-1a
2014-03-21 15:41:21,0.4076,c3.8xlarge,Linux/UNIX,us-west-1a
2014-03-21 15:42:49,0.4074,c3.8xlarge,Linux/UNIX,us-west-1a
2014-03-21 15:48:42,0.4076,c3.8xlarge,Linux/UNIX,us-west-1a
2014-03-21 15:51:37,0.4075,c3.8xlarge,Linux/UNIX,us-west-1a
2014-03-21 15:58:59,0.4074,c3.8xlarge,Linux/UNIX,us-west-1a
2014-03-21 16:37:06,0.4076,c3.8xlarge,Linux/UNIX,us-west-1a
2014-03-21 16:41:31,0.4075,c3.8xlarge,Linux/UNIX,us-west-1a
2014-03-21 16:45:53,0.4074,c3.8xlarge,Linux/UNIX,us-west-1a
2014-03-21 16:50:19,0.4075,c3.8xlarge,Linux/UNIX,us-west-1a
2014-03-21 16:57:39,0.4076,c3.8xlarge,Linux/UNIX,us-west-1a
2014-03-21 17:03:33,0.4075,c3.8xlarge,Linux/UNIX,us-west-1a
2014-03-21 17:32:56,0.4079,c3.8xlarge,Linux/UNIX,us-west-1a
2014-03-21 17:34:24,0.4071,c3.8xlarge,Linux/UNIX,us-west-1a
2014-03-21 17:38:50,0.407,c3.8xlarge,Linux/UNIX,us-west-1a
2014-03-21 17:43:15,0.4071,c3.8xlarge,Linux/UNIX,us-west-1a
2014-03-21 17:52:05,0.4072,c3.8xlarge,Linux/UNIX,us-west-1a
2014-03-21 17:55:04,0.4077,c3.8xlarge,Linux/UNIX,us-west-1a
2014-03-21 17:56:33,0.4072,c3.8xlarge,Linux/UNIX,us-west-1a
2014-03-21 18:00:57,0.4076,c3.8xlarge,Linux/UNIX,us-west-1a
2014-03-21 18:03:55,0.4075,c3.8xlarge,Linux/UNIX,us-west-1a
2014-03-21 18:11:18,0.4074,c3.8xlarge,Linux/UNIX,us-west-1a
2014-03-21 18:12:47,0.4075,c3.8xlarge,Linux/UNIX,us-west-1a
2014-03-21 18:14:15,0.4074,c3.8xlarge,Linux/UNIX,us-west-1a
2014-03-21 18:17:13,0.4076,c3.8xlarge,Linux/UNIX,us-west-1a
2014-03-21 18:20:11,0.4084,c3.8xlarge,Linux/UNIX,us-west-1a
2014-03-21 18:21:40,0.4081,c3.8xlarge,Linux/UNIX,us-west-1a
2014-03-21 18:24:37,0.4084,c3.8xlarge,Linux/UNIX,us-west-1a
2014-03-21 18:27:36,0.4092,c3.8xlarge,Linux/UNIX,us-west-1a
2014-03-21 18:32:03,0.4089,c3.8xlarge,Linux/UNIX,us-west-1a
2014-03-21 18:35:00,0.4088,c3.8xlarge,Linux/UNIX,us-west-1a
2014-03-21 18:36:31,0.4081,c3.8xlarge,Linux/UNIX,us-west-1a
2014-03-21 18:39:28,0.4074,c3.8xlarge,Linux/UNIX,us-west-1a
2014-03-21 18:40:57,0.4075,c3.8xlarge,Linux/UNIX,us-west-1a
2014-03-21 18:43:54,0.4074,c3.8xlarge,Linux/UNIX,us-west-1a
2014-03-21 19:32:48,0.4075,c3.8xlarge,Linux/UNIX,us-west-1a
2014-03-21 19:43:04,0.4074,c3.8xlarge,Linux/UNIX,us-west-1a
2014-03-21 19:48:55,0.4069,c3.8xlarge,Linux/UNIX,us-west-1a
2014-03-21 19:53:20,0.407,c3.8xlarge,Linux/UNIX,us-west-1a
2014-03-21 19:56:16,0.4071,c3.8xlarge,Linux/UNIX,us-west-1a
2014-03-21 19:57:44,0.407,c3.8xlarge,Linux/UNIX,us-west-1a
2014-03-21 20:03:37,0.4071,c3.8xlarge,Linux/UNIX,us-west-1a
2014-03-21 20:05:06,0.4072,c3.8xlarge,Linux/UNIX,us-west-1a
2014-03-21 20:10:59,0.4071,c3.8xlarge,Linux/UNIX,us-west-1a
2014-03-21 20:18:23,0.4072,c3.8xlarge,Linux/UNIX,us-west-1a
2014-03-21 20:19:53,0.4071,c3.8xlarge,Linux/UNIX,us-west-1a
2014-03-21 21:05:43,0.4072,c3.8xlarge,Linux/UNIX,us-west-1a
2014-03-21 21:08:40,0.4066,c3.8xlarge,Linux/UNIX,us-west-1a
2014-03-21 21:33:57,0.4067,c3.8xlarge,Linux/UNIX,us-west-1a
2014-03-21 21:38:26,0.4068,c3.8xlarge,Linux/UNIX,us-west-1a
2014-03-21 21:39:55,0.4067,c3.8xlarge,Linux/UNIX,us-west-1a
2014-03-21 21:47:22,0.4066,c3.8xlarge,Linux/UNIX,us-west-1a
2014-03-21 22:33:44,0.4067,c3.8xlarge,Linux/UNIX,us-west-1a
2014-03-21 22:41:14,0.4066,c3.8xlarge,Linux/UNIX,us-west-1a
2014-03-21 22:57:41,0.4064,c3.8xlarge,Linux/UNIX,us-west-1a
2014-03-21 23:06:40,0.4065,c3.8xlarge,Linux/UNIX,us-west-1a
2014-03-21 23:24:01,0.4064,c3.8xlarge,Linux/UNIX,us-west-1a
2014-03-21 23:26:51,0.4065,c3.8xlarge,Linux/UNIX,us-west-1a
2014-03-21 23:31:07,0.4064,c3.8xlarge,Linux/UNIX,us-west-1a
2014-03-21 23:41:01,0.4065,c3.8xlarge,Linux/UNIX,us-west-1a
2014-03-21 23:46:42,0.4064,c3.8xlarge,Linux/UNIX,us-west-1a
2014-03-21 23:48:07,0.4065,c3.8xlarge,Linux/UNIX,us-west-1a
2014-03-21 23:53:46,0.4064,c3.8xlarge,Linux/UNIX,us-west-1a
2014-03-22 00:57:30,0.4065,c3.8xlarge,Linux/UNIX,us-west-1a
2014-03-22 00:58:55,0.4064,c3.8xlarge,Linux/UNIX,us-west-1a
2014-03-22 01:31:36,0.4063,c3.8xlarge,Linux/UNIX,us-west-1a
2014-03-22 01:34:28,0.4064,c3.8xlarge,Linux/UNIX,us-west-1a
2014-03-22 02:32:45,0.4063,c3.8xlarge,Linux/UNIX,us-west-1a
2014-03-22 02:57:01,0.4064,c3.8xlarge,Linux/UNIX,us-west-1a
2014-03-22 04:41:29,0.4067,c3.8xlarge,Linux/UNIX,us-west-1a
2014-03-22 05:23:02,0.4066,c3.8xlarge,Linux/UNIX,us-west-1a
2014-03-22 05:33:07,0.4067,c3.8xlarge,Linux/UNIX,us-west-1a
2014-03-22 05:54:30,0.4068,c3.8xlarge,Linux/UNIX,us-west-1a
2014-03-22 06:00:12,0.4069,c3.8xlarge,Linux/UNIX,us-west-1a
2014-03-22 06:01:38,0.4068,c3.8xlarge,Linux/UNIX,us-west-1a
2014-03-22 06:05:55,0.4067,c3.8xlarge,Linux/UNIX,us-west-1a
2014-03-22 06:18:47,0.4068,c3.8xlarge,Linux/UNIX,us-west-1a
2014-03-22 06:21:39,0.4067,c3.8xlarge,Linux/UNIX,us-west-1a
2014-03-22 06:31:41,0.4068,c3.8xlarge,Linux/UNIX,us-west-1a
2014-03-22 06:37:24,0.4069,c3.8xlarge,Linux/UNIX,us-west-1a
2014-03-22 06:44:35,0.4068,c3.8xlarge,Linux/UNIX,us-west-1a
2014-03-22 06:47:26,0.4067,c3.8xlarge,Linux/UNIX,us-west-1a
2014-03-22 07:00:23,0.4068,c3.8xlarge,Linux/UNIX,us-west-1a
2014-03-22 07:26:13,0.4067,c3.8xlarge,Linux/UNIX,us-west-1a
2014-03-22 08:36:37,0.4065,c3.8xlarge,Linux/UNIX,us-west-1a
2014-03-22 08:43:48,0.4066,c3.8xlarge,Linux/UNIX,us-west-1a
2014-03-22 08:48:07,0.4067,c3.8xlarge,Linux/UNIX,us-west-1a
2014-03-22 08:49:33,0.4066,c3.8xlarge,Linux/UNIX,us-west-1a
2014-03-22 09:13:58,0.4067,c3.8xlarge,Linux/UNIX,us-west-1a
2014-03-22 09:21:07,0.4066,c3.8xlarge,Linux/UNIX,us-west-1a
2014-03-22 09:29:47,0.4067,c3.8xlarge,Linux/UNIX,us-west-1a
2014-03-22 09:35:32,0.4066,c3.8xlarge,Linux/UNIX,us-west-1a
2014-03-22 10:25:59,0.4068,c3.8xlarge,Linux/UNIX,us-west-1a
2014-03-22 10:34:38,0.4067,c3.8xlarge,Linux/UNIX,us-west-1a
2014-03-22 11:28:13,0.4066,c3.8xlarge,Linux/UNIX,us-west-1a
2014-03-22 11:55:47,0.4067,c3.8xlarge,Linux/UNIX,us-west-1a
2014-03-22 11:58:42,0.4066,c3.8xlarge,Linux/UNIX,us-west-1a
2014-03-22 12:01:38,0.4067,c3.8xlarge,Linux/UNIX,us-west-1a
2014-03-22 12:04:34,0.4068,c3.8xlarge,Linux/UNIX,us-west-1a
2014-03-22 12:13:19,0.4067,c3.8xlarge,Linux/UNIX,us-west-1a
2014-03-22 12:33:41,0.4068,c3.8xlarge,Linux/UNIX,us-west-1a
2014-03-22 12:40:59,0.4069,c3.8xlarge,Linux/UNIX,us-west-1a
2014-03-22 12:48:17,0.4068,c3.8xlarge,Linux/UNIX,us-west-1a
2014-03-22 13:10:12,0.4069,c3.8xlarge,Linux/UNIX,us-west-1a
2014-03-22 13:13:08,0.4068,c3.8xlarge,Linux/UNIX,us-west-1a
2014-03-22 13:30:39,0.4069,c3.8xlarge,Linux/UNIX,us-west-1a
2014-03-22 13:35:02,0.4067,c3.8xlarge,Linux/UNIX,us-west-1a
2014-03-22 13:42:21,0.4068,c3.8xlarge,Linux/UNIX,us-west-1a
2014-03-22 13:45:17,0.4069,c3.8xlarge,Linux/UNIX,us-west-1a
2014-03-22 13:46:44,0.4067,c3.8xlarge,Linux/UNIX,us-west-1a
2014-03-22 14:02:48,0.4068,c3.8xlarge,Linux/UNIX,us-west-1a
2014-03-22 14:23:16,0.4066,c3.8xlarge,Linux/UNIX,us-west-1a
2014-03-22 14:51:02,0.4067,c3.8xlarge,Linux/UNIX,us-west-1a
2014-03-22 14:56:53,0.4066,c3.8xlarge,Linux/UNIX,us-west-1a
2014-03-22 16:33:47,0.4065,c3.8xlarge,Linux/UNIX,us-west-1a
2014-03-22 16:36:44,0.4064,c3.8xlarge,Linux/UNIX,us-west-1a
2014-03-22 21:21:29,0.4065,c3.8xlarge,Linux/UNIX,us-west-1a
2014-03-22 21:22:57,0.4064,c3.8xlarge,Linux/UNIX,us-west-1a
2014-03-23 00:01:27,0.4063,c3.8xlarge,Linux/UNIX,us-west-1a
2014-03-23 00:09:51,0.4064,c3.8xlarge,Linux/UNIX,us-west-1a
2014-03-23 00:16:49,0.4063,c3.8xlarge,Linux/UNIX,us-west-1a
2014-03-23 00:25:12,0.4064,c3.8xlarge,Linux/UNIX,us-west-1a
2014-03-23 00:30:48,0.4063,c3.8xlarge,Linux/UNIX,us-west-1a
2014-03-23 01:00:06,0.4064,c3.8xlarge,Linux/UNIX,us-west-1a
2014-03-23 01:08:29,0.4063,c3.8xlarge,Linux/UNIX,us-west-1a
2014-03-23 01:23:53,0.4064,c3.8xlarge,Linux/UNIX,us-west-1a
2014-03-23 01:25:18,0.4063,c3.8xlarge,Linux/UNIX,us-west-1a
2014-03-23 01:26:41,0.4064,c3.8xlarge,Linux/UNIX,us-west-1a
2014-03-23 01:29:29,0.4063,c3.8xlarge,Linux/UNIX,us-west-1a
2014-03-23 01:49:02,0.4064,c3.8xlarge,Linux/UNIX,us-west-1a
2014-03-23 01:55:59,0.4063,c3.8xlarge,Linux/UNIX,us-west-1a
2014-03-23 01:57:23,0.4064,c3.8xlarge,Linux/UNIX,us-west-1a
2014-03-23 01:58:47,0.4063,c3.8xlarge,Linux/UNIX,us-west-1a
2014-03-23 02:00:12,0.4064,c3.8xlarge,Linux/UNIX,us-west-1a
2014-03-23 02:04:23,0.4063,c3.8xlarge,Linux/UNIX,us-west-1a
2014-03-23 02:23:56,0.4064,c3.8xlarge,Linux/UNIX,us-west-1a
2014-03-23 02:32:19,0.4063,c3.8xlarge,Linux/UNIX,us-west-1a
2014-03-23 02:35:06,0.4064,c3.8xlarge,Linux/UNIX,us-west-1a
2014-03-23 03:05:52,0.4063,c3.8xlarge,Linux/UNIX,us-west-1a
2014-03-23 06:55:04,0.4064,c3.8xlarge,Linux/UNIX,us-west-1a
2014-03-23 06:56:28,0.4063,c3.8xlarge,Linux/UNIX,us-west-1a
2014-03-23 07:07:43,0.4064,c3.8xlarge,Linux/UNIX,us-west-1a
2014-03-23 07:09:06,0.4063,c3.8xlarge,Linux/UNIX,us-west-1a
2014-03-23 07:11:54,0.4064,c3.8xlarge,Linux/UNIX,us-west-1a
2014-03-23 07:20:22,0.4063,c3.8xlarge,Linux/UNIX,us-west-1a
2014-03-23 07:40:05,0.4064,c3.8xlarge,Linux/UNIX,us-west-1a
2014-03-23 07:41:29,0.4063,c3.8xlarge,Linux/UNIX,us-west-1a
2014-03-23 07:42:54,0.4064,c3.8xlarge,Linux/UNIX,us-west-1a
2014-03-23 08:26:40,0.4065,c3.8xlarge,Linux/UNIX,us-west-1a
2014-03-23 08:32:22,0.4064,c3.8xlarge,Linux/UNIX,us-west-1a
2014-03-23 08:54:59,0.4065,c3.8xlarge,Linux/UNIX,us-west-1a
2014-03-23 08:56:24,0.4066,c3.8xlarge,Linux/UNIX,us-west-1a
2014-03-23 09:02:03,0.4065,c3.8xlarge,Linux/UNIX,us-west-1a
2014-03-23 10:29:50,0.4064,c3.8xlarge,Linux/UNIX,us-west-1a
2014-03-23 10:31:15,0.4068,c3.8xlarge,Linux/UNIX,us-west-1a
2014-03-23 11:15:18,0.4069,c3.8xlarge,Linux/UNIX,us-west-1a
2014-03-23 11:23:48,0.4068,c3.8xlarge,Linux/UNIX,us-west-1a
2014-03-23 11:32:21,0.407,c3.8xlarge,Linux/UNIX,us-west-1a
2014-03-23 11:33:46,0.4067,c3.8xlarge,Linux/UNIX,us-west-1a
2014-03-23 11:58:01,0.4068,c3.8xlarge,Linux/UNIX,us-west-1a
2014-03-23 12:03:45,0.4067,c3.8xlarge,Linux/UNIX,us-west-1a
2014-03-23 12:08:05,0.4068,c3.8xlarge,Linux/UNIX,us-west-1a
2014-03-23 12:16:39,0.4069,c3.8xlarge,Linux/UNIX,us-west-1a
2014-03-23 12:25:14,0.4068,c3.8xlarge,Linux/UNIX,us-west-1a
2014-03-23 12:32:23,0.4069,c3.8xlarge,Linux/UNIX,us-west-1a
2014-03-23 12:35:13,0.4068,c3.8xlarge,Linux/UNIX,us-west-1a
2014-03-23 12:36:38,0.4067,c3.8xlarge,Linux/UNIX,us-west-1a
2014-03-23 14:41:17,0.407,c3.8xlarge,Linux/UNIX,us-west-1a
2014-03-23 15:30:13,0.4068,c3.8xlarge,Linux/UNIX,us-west-1a
2014-03-23 15:31:39,0.4069,c3.8xlarge,Linux/UNIX,us-west-1a
2014-03-23 16:17:41,0.407,c3.8xlarge,Linux/UNIX,us-west-1a
2014-03-23 16:19:07,0.4071,c3.8xlarge,Linux/UNIX,us-west-1a
2014-03-23 16:21:59,0.4072,c3.8xlarge,Linux/UNIX,us-west-1a
2014-03-23 16:24:53,0.4073,c3.8xlarge,Linux/UNIX,us-west-1a
2014-03-23 16:34:58,0.4071,c3.8xlarge,Linux/UNIX,us-west-1a
2014-03-23 16:40:42,0.4076,c3.8xlarge,Linux/UNIX,us-west-1a
2014-03-23 17:10:55,0.4078,c3.8xlarge,Linux/UNIX,us-west-1a
2014-03-23 17:12:21,0.4077,c3.8xlarge,Linux/UNIX,us-west-1a
2014-03-23 17:15:14,0.4079,c3.8xlarge,Linux/UNIX,us-west-1a
2014-03-23 17:16:41,0.408,c3.8xlarge,Linux/UNIX,us-west-1a
2014-03-23 17:19:34,0.4079,c3.8xlarge,Linux/UNIX,us-west-1a
2014-03-23 17:21:00,0.4077,c3.8xlarge,Linux/UNIX,us-west-1a
2014-03-23 17:23:53,0.4076,c3.8xlarge,Linux/UNIX,us-west-1a
2014-03-23 17:38:15,0.4075,c3.8xlarge,Linux/UNIX,us-west-1a
2014-03-23 17:39:41,0.4076,c3.8xlarge,Linux/UNIX,us-west-1a
2014-03-23 17:41:07,0.4075,c3.8xlarge,Linux/UNIX,us-west-1a
2014-03-23 17:45:27,0.4076,c3.8xlarge,Linux/UNIX,us-west-1a
2014-03-23 17:58:25,0.4075,c3.8xlarge,Linux/UNIX,us-west-1a
2014-03-23 18:27:22,0.4076,c3.8xlarge,Linux/UNIX,us-west-1a
2014-03-23 18:31:44,0.4075,c3.8xlarge,Linux/UNIX,us-west-1a
2014-03-23 18:49:09,0.4076,c3.8xlarge,Linux/UNIX,us-west-1a
2014-03-23 18:56:22,0.4075,c3.8xlarge,Linux/UNIX,us-west-1a
2014-03-23 18:59:15,0.4079,c3.8xlarge,Linux/UNIX,us-west-1a
2014-03-23 19:09:24,0.408,c3.8xlarge,Linux/UNIX,us-west-1a
2014-03-23 19:18:06,0.4078,c3.8xlarge,Linux/UNIX,us-west-1a
2014-03-23 19:26:48,0.4075,c3.8xlarge,Linux/UNIX,us-west-1a
2014-03-23 19:42:40,0.4079,c3.8xlarge,Linux/UNIX,us-west-1a
2014-03-23 19:54:11,0.4081,c3.8xlarge,Linux/UNIX,us-west-1a
2014-03-23 19:58:30,0.408,c3.8xlarge,Linux/UNIX,us-west-1a
2014-03-23 19:59:56,0.4081,c3.8xlarge,Linux/UNIX,us-west-1a
2014-03-23 20:02:49,0.408,c3.8xlarge,Linux/UNIX,us-west-1a
2014-03-23 20:05:42,0.4079,c3.8xlarge,Linux/UNIX,us-west-1a
2014-03-23 20:07:08,0.408,c3.8xlarge,Linux/UNIX,us-west-1a
2014-03-23 20:08:34,0.4079,c3.8xlarge,Linux/UNIX,us-west-1a
2014-03-23 20:11:29,0.408,c3.8xlarge,Linux/UNIX,us-west-1a
2014-03-23 20:12:56,0.4086,c3.8xlarge,Linux/UNIX,us-west-1a
2014-03-23 20:14:23,0.4082,c3.8xlarge,Linux/UNIX,us-west-1a
2014-03-23 20:15:49,0.4081,c3.8xlarge,Linux/UNIX,us-west-1a
2014-03-23 20:18:41,0.41,c3.8xlarge,Linux/UNIX,us-west-1a
2014-03-23 20:20:08,0.4097,c3.8xlarge,Linux/UNIX,us-west-1a
2014-03-23 20:30:13,0.409,c3.8xlarge,Linux/UNIX,us-west-1a
2014-03-23 20:34:31,0.4089,c3.8xlarge,Linux/UNIX,us-west-1a
2014-03-23 21:00:21,0.4091,c3.8xlarge,Linux/UNIX,us-west-1a
2014-03-23 21:01:48,0.409,c3.8xlarge,Linux/UNIX,us-west-1a
2014-03-23 21:07:32,0.4089,c3.8xlarge,Linux/UNIX,us-west-1a
2014-03-23 21:13:16,0.409,c3.8xlarge,Linux/UNIX,us-west-1a
2014-03-23 21:34:46,0.4092,c3.8xlarge,Linux/UNIX,us-west-1a
2014-03-23 21:41:58,0.409,c3.8xlarge,Linux/UNIX,us-west-1a
2014-03-23 21:43:24,0.4109,c3.8xlarge,Linux/UNIX,us-west-1a
2014-03-23 21:46:16,0.4107,c3.8xlarge,Linux/UNIX,us-west-1a
2014-03-23 22:13:32,0.4112,c3.8xlarge,Linux/UNIX,us-west-1a
2014-03-23 22:17:50,0.4111,c3.8xlarge,Linux/UNIX,us-west-1a
2014-03-23 22:22:09,0.4107,c3.8xlarge,Linux/UNIX,us-west-1a
2014-03-23 22:30:48,0.4104,c3.8xlarge,Linux/UNIX,us-west-1a
2014-03-23 22:46:37,0.4106,c3.8xlarge,Linux/UNIX,us-west-1a
2014-03-23 22:58:08,0.4104,c3.8xlarge,Linux/UNIX,us-west-1a
2014-03-23 23:02:26,0.4106,c3.8xlarge,Linux/UNIX,us-west-1a
2014-03-23 23:03:53,0.4105,c3.8xlarge,Linux/UNIX,us-west-1a
2014-03-23 23:11:05,0.4106,c3.8xlarge,Linux/UNIX,us-west-1a
2014-03-23 23:43:10,0.4102,c3.8xlarge,Linux/UNIX,us-west-1a
2014-03-23 23:44:34,0.4101,c3.8xlarge,Linux/UNIX,us-west-1a
2014-03-24 00:01:11,0.41,c3.8xlarge,Linux/UNIX,us-west-1a
2014-03-24 00:09:33,0.4099,c3.8xlarge,Linux/UNIX,us-west-1a
2014-03-24 00:10:56,0.4103,c3.8xlarge,Linux/UNIX,us-west-1a
2014-03-24 00:15:07,0.41,c3.8xlarge,Linux/UNIX,us-west-1a
2014-03-24 00:16:32,0.4101,c3.8xlarge,Linux/UNIX,us-west-1a
2014-03-24 00:19:18,0.41,c3.8xlarge,Linux/UNIX,us-west-1a
2014-03-24 00:49:57,0.4104,c3.8xlarge,Linux/UNIX,us-west-1a
2014-03-24 00:52:45,0.4103,c3.8xlarge,Linux/UNIX,us-west-1a
2014-03-24 00:58:19,0.41,c3.8xlarge,Linux/UNIX,us-west-1a
2014-03-24 01:19:16,0.4103,c3.8xlarge,Linux/UNIX,us-west-1a
2014-03-24 01:22:03,0.4102,c3.8xlarge,Linux/UNIX,us-west-1a
2014-03-24 01:31:46,0.4101,c3.8xlarge,Linux/UNIX,us-west-1a
2014-03-24 01:33:10,0.41,c3.8xlarge,Linux/UNIX,us-west-1a
2014-03-24 01:37:21,0.4143,c3.8xlarge,Linux/UNIX,us-west-1a
2014-03-24 01:41:32,0.4145,c3.8xlarge,Linux/UNIX,us-west-1a
2014-03-24 02:12:08,0.4143,c3.8xlarge,Linux/UNIX,us-west-1a
2014-03-24 02:20:29,0.4145,c3.8xlarge,Linux/UNIX,us-west-1a
2014-03-24 02:28:50,0.4152,c3.8xlarge,Linux/UNIX,us-west-1a
2014-03-24 02:33:01,0.415,c3.8xlarge,Linux/UNIX,us-west-1a
2014-03-24 02:34:25,0.4155,c3.8xlarge,Linux/UNIX,us-west-1a
2014-03-24 02:35:48,0.4152,c3.8xlarge,Linux/UNIX,us-west-1a
2014-03-24 02:37:12,0.4145,c3.8xlarge,Linux/UNIX,us-west-1a
2014-03-24 02:49:46,0.4143,c3.8xlarge,Linux/UNIX,us-west-1a
2014-03-24 02:51:09,0.4152,c3.8xlarge,Linux/UNIX,us-west-1a
2014-03-24 02:55:21,0.4145,c3.8xlarge,Linux/UNIX,us-west-1a
2014-03-24 02:58:08,0.4143,c3.8xlarge,Linux/UNIX,us-west-1a
2014-03-24 03:02:19,0.4066,c3.8xlarge,Linux/UNIX,us-west-1a
2014-03-24 03:14:58,0.4067,c3.8xlarge,Linux/UNIX,us-west-1a
2014-03-24 03:19:10,0.4066,c3.8xlarge,Linux/UNIX,us-west-1a
2014-03-24 03:56:58,0.4067,c3.8xlarge,Linux/UNIX,us-west-1a
2014-03-24 04:06:46,0.4068,c3.8xlarge,Linux/UNIX,us-west-1a
2014-03-24 04:47:33,0.4069,c3.8xlarge,Linux/UNIX,us-west-1a
2014-03-24 04:51:47,0.4068,c3.8xlarge,Linux/UNIX,us-west-1a
2014-03-24 05:57:59,0.4069,c3.8xlarge,Linux/UNIX,us-west-1a
2014-03-24 06:07:50,0.4068,c3.8xlarge,Linux/UNIX,us-west-1a
2014-03-24 06:26:07,0.4069,c3.8xlarge,Linux/UNIX,us-west-1a
2014-03-24 06:33:09,0.4068,c3.8xlarge,Linux/UNIX,us-west-1a
2014-03-24 06:50:05,0.4069,c3.8xlarge,Linux/UNIX,us-west-1a
2014-03-24 06:58:35,0.4068,c3.8xlarge,Linux/UNIX,us-west-1a
2014-03-24 06:59:59,0.4069,c3.8xlarge,Linux/UNIX,us-west-1a
2014-03-24 07:01:25,0.4068,c3.8xlarge,Linux/UNIX,us-west-1a
2014-03-24 07:09:54,0.4069,c3.8xlarge,Linux/UNIX,us-west-1a
2014-03-24 07:32:29,0.407,c3.8xlarge,Linux/UNIX,us-west-1a
2014-03-24 07:38:09,0.4067,c3.8xlarge,Linux/UNIX,us-west-1a
2014-03-24 08:23:35,0.4066,c3.8xlarge,Linux/UNIX,us-west-1a
2014-03-24 08:54:47,0.4067,c3.8xlarge,Linux/UNIX,us-west-1a
2014-03-24 09:03:18,0.4066,c3.8xlarge,Linux/UNIX,us-west-1a
2014-03-24 10:34:31,0.4067,c3.8xlarge,Linux/UNIX,us-west-1a
2014-03-24 11:16:02,0.4068,c3.8xlarge,Linux/UNIX,us-west-1a
2014-03-24 11:24:40,0.4067,c3.8xlarge,Linux/UNIX,us-west-1a
2014-03-24 11:31:52,0.4068,c3.8xlarge,Linux/UNIX,us-west-1a
2014-03-24 11:36:10,0.4067,c3.8xlarge,Linux/UNIX,us-west-1a
2014-03-24 11:53:24,0.4065,c3.8xlarge,Linux/UNIX,us-west-1a
2014-03-24 11:56:17,0.4066,c3.8xlarge,Linux/UNIX,us-west-1a
2014-03-24 11:59:10,0.4067,c3.8xlarge,Linux/UNIX,us-west-1a
2014-03-24 12:02:03,0.4068,c3.8xlarge,Linux/UNIX,us-west-1a
2014-03-24 12:06:23,0.4071,c3.8xlarge,Linux/UNIX,us-west-1a
2014-03-24 12:17:57,0.4072,c3.8xlarge,Linux/UNIX,us-west-1a
2014-03-24 12:26:36,0.4071,c3.8xlarge,Linux/UNIX,us-west-1a
2014-03-24 12:32:24,0.4072,c3.8xlarge,Linux/UNIX,us-west-1a
2014-03-24 12:39:37,0.4075,c3.8xlarge,Linux/UNIX,us-west-1a
2014-03-24 12:45:24,0.4076,c3.8xlarge,Linux/UNIX,us-west-1a
2014-03-24 12:46:50,0.4075,c3.8xlarge,Linux/UNIX,us-west-1a
2014-03-24 12:51:11,0.4077,c3.8xlarge,Linux/UNIX,us-west-1a
2014-03-24 12:52:39,0.4076,c3.8xlarge,Linux/UNIX,us-west-1a
2014-03-24 12:55:31,0.4077,c3.8xlarge,Linux/UNIX,us-west-1a
2014-03-24 12:59:53,0.4078,c3.8xlarge,Linux/UNIX,us-west-1a
2014-03-24 13:14:24,0.4081,c3.8xlarge,Linux/UNIX,us-west-1a
2014-03-24 13:23:07,0.4078,c3.8xlarge,Linux/UNIX,us-west-1a
2014-03-24 13:28:55,0.4071,c3.8xlarge,Linux/UNIX,us-west-1a
2014-03-24 13:31:49,0.4072,c3.8xlarge,Linux/UNIX,us-west-1a
2014-03-24 13:37:41,0.4074,c3.8xlarge,Linux/UNIX,us-west-1a
2014-03-24 13:42:02,0.4072,c3.8xlarge,Linux/UNIX,us-west-1a
2014-03-24 13:47:51,0.4071,c3.8xlarge,Linux/UNIX,us-west-1a
2014-03-24 14:00:58,0.4072,c3.8xlarge,Linux/UNIX,us-west-1a
2014-03-24 14:18:29,0.4073,c3.8xlarge,Linux/UNIX,us-west-1a
2014-03-24 14:22:52,0.4074,c3.8xlarge,Linux/UNIX,us-west-1a
2014-03-24 14:25:47,0.4073,c3.8xlarge,Linux/UNIX,us-west-1a
2014-03-24 14:28:42,0.4072,c3.8xlarge,Linux/UNIX,us-west-1a
2014-03-24 14:53:35,0.4074,c3.8xlarge,Linux/UNIX,us-west-1a
2014-03-24 14:55:03,0.408,c3.8xlarge,Linux/UNIX,us-west-1a
2014-03-24 15:05:21,0.4081,c3.8xlarge,Linux/UNIX,us-west-1a
2014-03-24 15:06:48,0.4082,c3.8xlarge,Linux/UNIX,us-west-1a
2014-03-24 15:11:11,0.4081,c3.8xlarge,Linux/UNIX,us-west-1a
2014-03-24 15:17:02,0.4079,c3.8xlarge,Linux/UNIX,us-west-1a
2014-03-24 15:40:32,0.4081,c3.8xlarge,Linux/UNIX,us-west-1a
2014-03-24 15:47:53,0.4079,c3.8xlarge,Linux/UNIX,us-west-1a
2014-03-24 15:52:17,0.408,c3.8xlarge,Linux/UNIX,us-west-1a
2014-03-24 15:59:38,0.4081,c3.8xlarge,Linux/UNIX,us-west-1a
2014-03-24 16:02:36,0.4082,c3.8xlarge,Linux/UNIX,us-west-1a
2014-03-24 16:04:05,0.408,c3.8xlarge,Linux/UNIX,us-west-1a
2014-03-24 16:09:59,0.4079,c3.8xlarge,Linux/UNIX,us-west-1a
2014-03-24 16:34:59,0.408,c3.8xlarge,Linux/UNIX,us-west-1a
2014-03-24 16:37:56,0.4079,c3.8xlarge,Linux/UNIX,us-west-1a
2014-03-24 16:58:33,0.408,c3.8xlarge,Linux/UNIX,us-west-1a
2014-03-24 17:01:31,0.4081,c3.8xlarge,Linux/UNIX,us-west-1a
2014-03-24 17:29:29,0.408,c3.8xlarge,Linux/UNIX,us-west-1a
2014-03-24 17:30:58,0.4081,c3.8xlarge,Linux/UNIX,us-west-1a
2014-03-24 17:41:16,0.4082,c3.8xlarge,Linux/UNIX,us-west-1a
2014-03-24 17:45:41,0.407,c3.8xlarge,Linux/UNIX,us-west-1a
2014-03-24 18:10:55,0.4071,c3.8xlarge,Linux/UNIX,us-west-1a
2014-03-24 18:13:53,0.407,c3.8xlarge,Linux/UNIX,us-west-1a
2014-03-24 18:25:41,0.4071,c3.8xlarge,Linux/UNIX,us-west-1a
2014-03-24 18:33:07,0.4069,c3.8xlarge,Linux/UNIX,us-west-1a
2014-03-24 18:34:36,0.4068,c3.8xlarge,Linux/UNIX,us-west-1a
2014-03-24 18:56:52,0.4069,c3.8xlarge,Linux/UNIX,us-west-1a
2014-03-24 19:04:19,0.4068,c3.8xlarge,Linux/UNIX,us-west-1a
2014-03-24 19:17:42,0.4069,c3.8xlarge,Linux/UNIX,us-west-1a
2014-03-24 19:19:11,0.4068,c3.8xlarge,Linux/UNIX,us-west-1a
2014-03-24 19:33:59,0.4067,c3.8xlarge,Linux/UNIX,us-west-1a
2014-03-24 20:56:38,0.4068,c3.8xlarge,Linux/UNIX,us-west-1a
2014-03-24 21:08:30,0.4067,c3.8xlarge,Linux/UNIX,us-west-1a
2014-03-24 23:03:21,0.4068,c3.8xlarge,Linux/UNIX,us-west-1a
2014-03-24 23:10:48,0.4067,c3.8xlarge,Linux/UNIX,us-west-1a
2014-03-24 23:19:34,0.4068,c3.8xlarge,Linux/UNIX,us-west-1a
2014-03-24 23:20:59,0.4067,c3.8xlarge,Linux/UNIX,us-west-1a
2014-03-25 00:03:39,0.4068,c3.8xlarge,Linux/UNIX,us-west-1a
2014-03-25 00:05:05,0.4067,c3.8xlarge,Linux/UNIX,us-west-1a
2014-03-25 00:07:56,0.4068,c3.8xlarge,Linux/UNIX,us-west-1a
2014-03-25 00:13:36,0.4069,c3.8xlarge,Linux/UNIX,us-west-1a
2014-03-25 00:22:06,0.407,c3.8xlarge,Linux/UNIX,us-west-1a
2014-03-25 00:26:21,0.4069,c3.8xlarge,Linux/UNIX,us-west-1a
2014-03-25 00:29:12,0.4068,c3.8xlarge,Linux/UNIX,us-west-1a
2014-03-25 01:03:21,0.4069,c3.8xlarge,Linux/UNIX,us-west-1a
2014-03-25 01:04:47,0.4068,c3.8xlarge,Linux/UNIX,us-west-1a
2014-03-25 01:07:39,0.4067,c3.8xlarge,Linux/UNIX,us-west-1a
2014-03-25 01:10:31,0.4068,c3.8xlarge,Linux/UNIX,us-west-1a
2014-03-25 01:17:39,0.4067,c3.8xlarge,Linux/UNIX,us-west-1a
2014-03-25 02:51:52,0.4068,c3.8xlarge,Linux/UNIX,us-west-1a
2014-03-25 02:56:11,0.4067,c3.8xlarge,Linux/UNIX,us-west-1a
2014-03-25 03:09:06,0.4068,c3.8xlarge,Linux/UNIX,us-west-1a
2014-03-25 03:13:24,0.4067,c3.8xlarge,Linux/UNIX,us-west-1a
2014-03-25 04:29:41,0.4066,c3.8xlarge,Linux/UNIX,us-west-1a
2014-03-25 04:59:58,0.4067,c3.8xlarge,Linux/UNIX,us-west-1a
2014-03-25 05:24:34,0.4066,c3.8xlarge,Linux/UNIX,us-west-1a
2014-03-25 05:27:28,0.4071,c3.8xlarge,Linux/UNIX,us-west-1a
2014-03-25 06:17:46,0.4072,c3.8xlarge,Linux/UNIX,us-west-1a
2014-03-25 06:20:39,0.4071,c3.8xlarge,Linux/UNIX,us-west-1a
2014-03-25 06:27:49,0.4072,c3.8xlarge,Linux/UNIX,us-west-1a
2014-03-25 06:30:43,0.4073,c3.8xlarge,Linux/UNIX,us-west-1a
2014-03-25 06:33:35,0.4081,c3.8xlarge,Linux/UNIX,us-west-1a
2014-03-25 06:40:46,0.4084,c3.8xlarge,Linux/UNIX,us-west-1a
2014-03-25 06:42:13,0.4085,c3.8xlarge,Linux/UNIX,us-west-1a
2014-03-25 06:46:33,0.4084,c3.8xlarge,Linux/UNIX,us-west-1a
2014-03-25 06:47:59,0.4089,c3.8xlarge,Linux/UNIX,us-west-1a
2014-03-25 06:49:25,0.4085,c3.8xlarge,Linux/UNIX,us-west-1a
2014-03-25 06:50:52,0.4084,c3.8xlarge,Linux/UNIX,us-west-1a
2014-03-25 06:53:46,0.409,c3.8xlarge,Linux/UNIX,us-west-1a
2014-03-25 06:55:13,0.4086,c3.8xlarge,Linux/UNIX,us-west-1a
2014-03-25 07:02:26,0.4088,c3.8xlarge,Linux/UNIX,us-west-1a
2014-03-25 07:11:02,0.4097,c3.8xlarge,Linux/UNIX,us-west-1a
2014-03-25 07:16:48,0.4095,c3.8xlarge,Linux/UNIX,us-west-1a
2014-03-25 07:28:21,0.41,c3.8xlarge,Linux/UNIX,us-west-1a
2014-03-25 07:35:35,0.4097,c3.8xlarge,Linux/UNIX,us-west-1a
2014-03-25 07:55:54,0.4102,c3.8xlarge,Linux/UNIX,us-west-1a
2014-03-25 07:58:49,0.4105,c3.8xlarge,Linux/UNIX,us-west-1a
2014-03-25 08:01:44,0.41,c3.8xlarge,Linux/UNIX,us-west-1a
2014-03-25 08:26:18,0.4076,c3.8xlarge,Linux/UNIX,us-west-1a
2014-03-25 08:29:12,0.4077,c3.8xlarge,Linux/UNIX,us-west-1a
2014-03-25 08:32:05,0.4079,c3.8xlarge,Linux/UNIX,us-west-1a
2014-03-25 08:34:58,0.4077,c3.8xlarge,Linux/UNIX,us-west-1a
2014-03-25 08:43:42,0.4079,c3.8xlarge,Linux/UNIX,us-west-1a
2014-03-25 08:48:03,0.4077,c3.8xlarge,Linux/UNIX,us-west-1a
2014-03-25 09:11:15,0.4078,c3.8xlarge,Linux/UNIX,us-west-1a
2014-03-25 09:12:42,0.4079,c3.8xlarge,Linux/UNIX,us-west-1a
2014-03-25 09:38:48,0.4111,c3.8xlarge,Linux/UNIX,us-west-1a
2014-03-25 09:44:37,0.4413,c3.8xlarge,Linux/UNIX,us-west-1a
2014-03-25 09:54:47,2.7321,c3.8xlarge,Linux/UNIX,us-west-1a
2014-03-25 12:27:05,0.4222,c3.8xlarge,Linux/UNIX,us-west-1a
2014-03-25 12:40:22,0.4348,c3.8xlarge,Linux/UNIX,us-west-1a
2014-03-25 12:41:50,0.4222,c3.8xlarge,Linux/UNIX,us-west-1a
2014-03-25 12:46:16,0.4293,c3.8xlarge,Linux/UNIX,us-west-1a
2014-03-25 12:50:41,0.4991,c3.8xlarge,Linux/UNIX,us-west-1a
2014-03-25 12:52:09,0.4535,c3.8xlarge,Linux/UNIX,us-west-1a
2014-03-25 12:58:02,0.4424,c3.8xlarge,Linux/UNIX,us-west-1a
2014-03-25 13:02:36,2.7321,c3.8xlarge,Linux/UNIX,us-west-1a
2014-03-25 15:40:47,9.6,c3.8xlarge,Linux/UNIX,us-west-1a
2014-03-25 19:32:24,0.8131,c3.8xlarge,Linux/UNIX,us-west-1a
2014-03-25 19:33:52,0.5514,c3.8xlarge,Linux/UNIX,us-west-1a
2014-03-25 19:44:12,0.585,c3.8xlarge,Linux/UNIX,us-west-1a
2014-03-25 19:47:08,0.4477,c3.8xlarge,Linux/UNIX,us-west-1a
2014-03-25 19:55:58,9.6,c3.8xlarge,Linux/UNIX,us-west-1a
2014-03-25 19:57:26,2.7321,c3.8xlarge,Linux/UNIX,us-west-1a
2014-03-25 20:25:29,1.2783,c3.8xlarge,Linux/UNIX,us-west-1a
2014-03-25 20:26:57,2.7321,c3.8xlarge,Linux/UNIX,us-west-1a
2014-03-25 20:32:53,0.4933,c3.8xlarge,Linux/UNIX,us-west-1a
2014-03-25 20:34:22,0.4219,c3.8xlarge,Linux/UNIX,us-west-1a
2014-03-25 20:38:50,0.4254,c3.8xlarge,Linux/UNIX,us-west-1a
2014-03-25 20:40:21,0.4303,c3.8xlarge,Linux/UNIX,us-west-1a
2014-03-25 20:52:15,0.4476,c3.8xlarge,Linux/UNIX,us-west-1a
2014-03-25 20:53:44,0.4372,c3.8xlarge,Linux/UNIX,us-west-1a
2014-03-25 20:55:14,0.4334,c3.8xlarge,Linux/UNIX,us-west-1a
2014-03-25 21:05:43,0.4548,c3.8xlarge,Linux/UNIX,us-west-1a
2014-03-25 21:10:12,0.4933,c3.8xlarge,Linux/UNIX,us-west-1a
2014-03-25 21:17:39,0.5168,c3.8xlarge,Linux/UNIX,us-west-1a
2014-03-25 21:23:36,0.4933,c3.8xlarge,Linux/UNIX,us-west-1a
2014-03-25 21:25:06,0.5168,c3.8xlarge,Linux/UNIX,us-west-1a
2014-03-25 21:32:34,0.6054,c3.8xlarge,Linux/UNIX,us-west-1a
2014-03-25 21:35:32,0.4334,c3.8xlarge,Linux/UNIX,us-west-1a
2014-03-25 21:38:31,0.4372,c3.8xlarge,Linux/UNIX,us-west-1a
2014-03-25 21:40:00,0.4334,c3.8xlarge,Linux/UNIX,us-west-1a
2014-03-25 21:42:59,0.4372,c3.8xlarge,Linux/UNIX,us-west-1a
2014-03-25 21:45:57,0.4418,c3.8xlarge,Linux/UNIX,us-west-1a
2014-03-25 21:47:26,0.4548,c3.8xlarge,Linux/UNIX,us-west-1a
2014-03-25 22:06:48,0.4765,c3.8xlarge,Linux/UNIX,us-west-1a
2014-03-25 22:12:44,0.4642,c3.8xlarge,Linux/UNIX,us-west-1a
2014-03-25 22:15:43,0.5514,c3.8xlarge,Linux/UNIX,us-west-1a
2014-03-25 22:17:13,1.2783,c3.8xlarge,Linux/UNIX,us-west-1a
2014-03-25 22:19:59,0.6968,c3.8xlarge,Linux/UNIX,us-west-1a
2014-03-25 22:21:30,0.5514,c3.8xlarge,Linux/UNIX,us-west-1a
2014-03-25 22:24:28,1.2783,c3.8xlarge,Linux/UNIX,us-west-1a
2014-03-25 22:25:57,0.6054,c3.8xlarge,Linux/UNIX,us-west-1a
2014-03-25 22:28:56,1.2783,c3.8xlarge,Linux/UNIX,us-west-1a
2014-03-25 22:31:54,9.6,c3.8xlarge,Linux/UNIX,us-west-1a
2014-03-25 22:34:50,1.1814,c3.8xlarge,Linux/UNIX,us-west-1a
2014-03-25 22:37:48,0.7937,c3.8xlarge,Linux/UNIX,us-west-1a
2014-03-25 22:54:10,1.1814,c3.8xlarge,Linux/UNIX,us-west-1a
2014-03-25 23:06:02,2.7321,c3.8xlarge,Linux/UNIX,us-west-1a
2014-03-25 23:23:27,9.6,c3.8xlarge,Linux/UNIX,us-west-1a
2014-03-25 23:41:44,2.7321,c3.8xlarge,Linux/UNIX,us-west-1a
2014-03-25 23:51:34,1.1814,c3.8xlarge,Linux/UNIX,us-west-1a
2014-03-26 00:02:46,0.7937,c3.8xlarge,Linux/UNIX,us-west-1a
2014-03-26 00:26:17,9.6,c3.8xlarge,Linux/UNIX,us-west-1a
2014-03-26 00:35:02,1.1814,c3.8xlarge,Linux/UNIX,us-west-1a
2014-03-26 00:40:16,0.7937,c3.8xlarge,Linux/UNIX,us-west-1a
2014-03-26 00:42:01,0.6387,c3.8xlarge,Linux/UNIX,us-west-1a
2014-03-26 00:43:46,0.7937,c3.8xlarge,Linux/UNIX,us-west-1a
2014-03-26 00:49:01,1.1814,c3.8xlarge,Linux/UNIX,us-west-1a
2014-03-26 00:54:15,0.6387,c3.8xlarge,Linux/UNIX,us-west-1a
2014-03-26 00:56:01,0.5168,c3.8xlarge,Linux/UNIX,us-west-1a
2014-03-26 01:10:01,0.4707,c3.8xlarge,Linux/UNIX,us-west-1a
2014-03-26 01:17:01,0.4577,c3.8xlarge,Linux/UNIX,us-west-1a
2014-03-26 01:24:02,0.4483,c3.8xlarge,Linux/UNIX,us-west-1a
2014-03-26 01:41:37,0.4413,c3.8xlarge,Linux/UNIX,us-west-1a
2014-03-26 01:43:23,0.4483,c3.8xlarge,Linux/UNIX,us-west-1a
2014-03-26 01:48:38,0.4891,c3.8xlarge,Linux/UNIX,us-west-1a
2014-03-26 01:52:09,0.4483,c3.8xlarge,Linux/UNIX,us-west-1a
2014-03-26 02:04:28,0.4577,c3.8xlarge,Linux/UNIX,us-west-1a
2014-03-26 02:06:13,0.4413,c3.8xlarge,Linux/UNIX,us-west-1a
2014-03-26 02:18:29,0.4359,c3.8xlarge,Linux/UNIX,us-west-1a
2014-03-26 02:25:33,0.4413,c3.8xlarge,Linux/UNIX,us-west-1a
2014-03-26 02:41:24,0.4359,c3.8xlarge,Linux/UNIX,us-west-1a
2014-03-26 02:50:10,0.4577,c3.8xlarge,Linux/UNIX,us-west-1a
2014-03-26 02:51:54,0.4707,c3.8xlarge,Linux/UNIX,us-west-1a
2014-03-26 03:04:11,0.4413,c3.8xlarge,Linux/UNIX,us-west-1a
2014-03-26 03:30:40,0.4577,c3.8xlarge,Linux/UNIX,us-west-1a
2014-03-26 03:37:43,0.4413,c3.8xlarge,Linux/UNIX,us-west-1a
2014-03-26 03:42:59,0.4577,c3.8xlarge,Linux/UNIX,us-west-1a
2014-03-26 03:44:46,0.4413,c3.8xlarge,Linux/UNIX,us-west-1a
2014-03-26 03:55:19,0.4359,c3.8xlarge,Linux/UNIX,us-west-1a
2014-03-26 04:04:07,0.4413,c3.8xlarge,Linux/UNIX,us-west-1a
2014-03-26 04:39:30,0.4483,c3.8xlarge,Linux/UNIX,us-west-1a
2014-03-26 04:58:57,0.4413,c3.8xlarge,Linux/UNIX,us-west-1a
2014-03-26 05:00:43,0.4577,c3.8xlarge,Linux/UNIX,us-west-1a
2014-03-26 05:04:16,0.4413,c3.8xlarge,Linux/UNIX,us-west-1a
2014-03-26 05:06:02,0.4577,c3.8xlarge,Linux/UNIX,us-west-1a
2014-03-26 05:11:21,0.4413,c3.8xlarge,Linux/UNIX,us-west-1a
2014-03-26 05:13:07,0.4483,c3.8xlarge,Linux/UNIX,us-west-1a
2014-03-26 05:14:53,0.4577,c3.8xlarge,Linux/UNIX,us-west-1a
2014-03-26 05:16:39,0.4483,c3.8xlarge,Linux/UNIX,us-west-1a
2014-03-26 05:20:13,0.5168,c3.8xlarge,Linux/UNIX,us-west-1a
2014-03-26 05:25:30,0.4891,c3.8xlarge,Linux/UNIX,us-west-1a
2014-03-26 05:29:03,0.4483,c3.8xlarge,Linux/UNIX,us-west-1a
2014-03-26 05:36:08,0.5168,c3.8xlarge,Linux/UNIX,us-west-1a
2014-03-26 05:37:54,0.4483,c3.8xlarge,Linux/UNIX,us-west-1a
2014-03-26 05:39:40,0.5611,c3.8xlarge,Linux/UNIX,us-west-1a
2014-03-26 05:55:40,0.4171,c3.8xlarge,Linux/UNIX,us-west-1a
2014-03-26 06:06:20,0.4197,c3.8xlarge,Linux/UNIX,us-west-1a
2014-03-26 06:08:07,0.4213,c3.8xlarge,Linux/UNIX,us-west-1a
2014-03-26 06:09:54,0.4413,c3.8xlarge,Linux/UNIX,us-west-1a
2014-03-26 06:13:27,0.4577,c3.8xlarge,Linux/UNIX,us-west-1a
2014-03-26 06:34:46,0.4483,c3.8xlarge,Linux/UNIX,us-west-1a
2014-03-26 06:43:42,0.4577,c3.8xlarge,Linux/UNIX,us-west-1a
2014-03-26 06:50:52,0.4891,c3.8xlarge,Linux/UNIX,us-west-1a
2014-03-26 06:56:18,0.5168,c3.8xlarge,Linux/UNIX,us-west-1a
2014-03-26 07:01:36,0.4577,c3.8xlarge,Linux/UNIX,us-west-1a
2014-03-26 07:15:40,2.4,c3.8xlarge,Linux/UNIX,us-west-1a
2014-03-26 07:29:49,9.6,c3.8xlarge,Linux/UNIX,us-west-1a
2014-03-26 07:40:26,2.7321,c3.8xlarge,Linux/UNIX,us-west-1a
2014-03-26 07:43:59,9.6,c3.8xlarge,Linux/UNIX,us-west-1a
2014-03-26 07:54:32,2.7321,c3.8xlarge,Linux/UNIX,us-west-1a
2014-03-26 07:59:51,9.6,c3.8xlarge,Linux/UNIX,us-west-1a
2014-03-26 09:05:35,2.7321,c3.8xlarge,Linux/UNIX,us-west-1a
2014-03-26 09:09:08,9.6,c3.8xlarge,Linux/UNIX,us-west-1a
2014-03-26 11:06:40,0.4413,c3.8xlarge,Linux/UNIX,us-west-1a
2014-03-26 11:08:28,9.6,c3.8xlarge,Linux/UNIX,us-west-1a
2014-03-26 19:31:19,0.4254,c3.8xlarge,Linux/UNIX,us-west-1a
2014-03-26 19:40:21,0.4282,c3.8xlarge,Linux/UNIX,us-west-1a
2014-03-26 19:42:10,0.4316,c3.8xlarge,Linux/UNIX,us-west-1a
2014-03-26 19:43:59,0.4359,c3.8xlarge,Linux/UNIX,us-west-1a
2014-03-26 19:45:46,0.4413,c3.8xlarge,Linux/UNIX,us-west-1a
2014-03-26 19:47:36,0.4282,c3.8xlarge,Linux/UNIX,us-west-1a
2014-03-26 19:49:24,0.4316,c3.8xlarge,Linux/UNIX,us-west-1a
2014-03-26 19:53:02,0.4359,c3.8xlarge,Linux/UNIX,us-west-1a
2014-03-26 20:03:52,0.4413,c3.8xlarge,Linux/UNIX,us-west-1a
2014-03-26 20:11:07,0.4707,c3.8xlarge,Linux/UNIX,us-west-1a
2014-03-26 20:12:54,0.4891,c3.8xlarge,Linux/UNIX,us-west-1a
2014-03-26 20:16:31,0.4359,c3.8xlarge,Linux/UNIX,us-west-1a
2014-03-26 20:18:20,0.4254,c3.8xlarge,Linux/UNIX,us-west-1a
2014-03-26 20:20:08,0.4359,c3.8xlarge,Linux/UNIX,us-west-1a
2014-03-26 20:23:45,0.4316,c3.8xlarge,Linux/UNIX,us-west-1a
2014-03-26 20:27:22,0.4254,c3.8xlarge,Linux/UNIX,us-west-1a
2014-03-26 20:38:12,0.4232,c3.8xlarge,Linux/UNIX,us-west-1a
2014-03-26 20:43:37,0.4359,c3.8xlarge,Linux/UNIX,us-west-1a
2014-03-26 20:47:15,0.4577,c3.8xlarge,Linux/UNIX,us-west-1a
2014-03-26 20:50:52,0.4483,c3.8xlarge,Linux/UNIX,us-west-1a
2014-03-26 20:54:28,0.4232,c3.8xlarge,Linux/UNIX,us-west-1a
2014-03-26 20:58:04,0.4254,c3.8xlarge,Linux/UNIX,us-west-1a
2014-03-26 21:07:11,0.4282,c3.8xlarge,Linux/UNIX,us-west-1a
2014-03-26 21:25:21,0.4359,c3.8xlarge,Linux/UNIX,us-west-1a
2014-03-26 21:27:09,0.4413,c3.8xlarge,Linux/UNIX,us-west-1a
2014-03-26 21:30:46,0.4316,c3.8xlarge,Linux/UNIX,us-west-1a
2014-03-26 21:34:24,0.4282,c3.8xlarge,Linux/UNIX,us-west-1a
2014-03-26 21:36:12,0.4316,c3.8xlarge,Linux/UNIX,us-west-1a
2014-03-26 21:38:00,0.4359,c3.8xlarge,Linux/UNIX,us-west-1a
2014-03-26 21:56:08,0.4316,c3.8xlarge,Linux/UNIX,us-west-1a
2014-03-26 22:01:34,0.4413,c3.8xlarge,Linux/UNIX,us-west-1a
2014-03-26 22:05:14,0.4359,c3.8xlarge,Linux/UNIX,us-west-1a
2014-03-26 22:10:49,0.4413,c3.8xlarge,Linux/UNIX,us-west-1a
2014-03-26 22:20:01,0.4577,c3.8xlarge,Linux/UNIX,us-west-1a
2014-03-26 22:29:14,0.4316,c3.8xlarge,Linux/UNIX,us-west-1a
2014-03-26 22:34:45,0.4359,c3.8xlarge,Linux/UNIX,us-west-1a
2014-03-26 22:36:35,0.4213,c3.8xlarge,Linux/UNIX,us-west-1a
2014-03-26 22:56:49,0.4197,c3.8xlarge,Linux/UNIX,us-west-1a
2014-03-26 23:00:30,0.4232,c3.8xlarge,Linux/UNIX,us-west-1a
2014-03-26 23:06:02,0.4197,c3.8xlarge,Linux/UNIX,us-west-1a
2014-03-26 23:09:42,0.4183,c3.8xlarge,Linux/UNIX,us-west-1a
2014-03-26 23:18:56,0.4171,c3.8xlarge,Linux/UNIX,us-west-1a
2014-03-26 23:22:30,0.4213,c3.8xlarge,Linux/UNIX,us-west-1a
2014-03-26 23:24:17,9.6,c3.8xlarge,Linux/UNIX,us-west-1a
2014-03-27 05:16:51,2.7321,c3.8xlarge,Linux/UNIX,us-west-1a
2014-03-27 05:18:40,9.6,c3.8xlarge,Linux/UNIX,us-west-1a
2014-03-27 05:29:39,1.0621,c3.8xlarge,Linux/UNIX,us-west-1a
2014-03-27 05:31:29,2.0,c3.8xlarge,Linux/UNIX,us-west-1a
2014-03-27 05:35:08,9.6,c3.8xlarge,Linux/UNIX,us-west-1a
2014-03-27 12:36:33,2.7321,c3.8xlarge,Linux/UNIX,us-west-1a
2014-03-27 12:38:23,9.6,c3.8xlarge,Linux/UNIX,us-west-1a
2014-03-27 13:46:45,0.4413,c3.8xlarge,Linux/UNIX,us-west-1a
2014-03-27 13:48:37,9.6,c3.8xlarge,Linux/UNIX,us-west-1a
2014-03-27 15:13:43,0.4483,c3.8xlarge,Linux/UNIX,us-west-1a
2014-03-27 15:15:38,9.6,c3.8xlarge,Linux/UNIX,us-west-1a
2014-03-27 19:48:42,0.5168,c3.8xlarge,Linux/UNIX,us-west-1a
2014-03-27 19:50:31,0.5611,c3.8xlarge,Linux/UNIX,us-west-1a
2014-03-27 20:01:22,0.6387,c3.8xlarge,Linux/UNIX,us-west-1a
2014-03-27 20:03:10,1.1814,c3.8xlarge,Linux/UNIX,us-west-1a
2014-03-27 20:17:43,2.7321,c3.8xlarge,Linux/UNIX,us-west-1a
2014-03-27 20:21:22,1.1814,c3.8xlarge,Linux/UNIX,us-west-1a
2014-03-27 20:28:40,0.5611,c3.8xlarge,Linux/UNIX,us-west-1a
2014-03-27 20:34:08,1.1814,c3.8xlarge,Linux/UNIX,us-west-1a
2014-03-27 20:39:36,9.0,c3.8xlarge,Linux/UNIX,us-west-1a
2014-03-27 20:46:51,9.6,c3.8xlarge,Linux/UNIX,us-west-1a
2014-03-28 01:11:16,2.7321,c3.8xlarge,Linux/UNIX,us-west-1a
2014-03-28 01:14:50,0.5611,c3.8xlarge,Linux/UNIX,us-west-1a
2014-03-28 01:27:23,0.5168,c3.8xlarge,Linux/UNIX,us-west-1a
2014-03-28 01:48:53,0.4413,c3.8xlarge,Linux/UNIX,us-west-1a
2014-03-28 01:57:52,0.4359,c3.8xlarge,Linux/UNIX,us-west-1a
2014-03-28 02:39:13,0.4316,c3.8xlarge,Linux/UNIX,us-west-1a
2014-03-28 03:16:53,0.4213,c3.8xlarge,Linux/UNIX,us-west-1a
2014-03-28 03:24:04,0.4232,c3.8xlarge,Linux/UNIX,us-west-1a
2014-03-28 03:42:02,0.4359,c3.8xlarge,Linux/UNIX,us-west-1a
2014-03-28 03:45:36,0.4577,c3.8xlarge,Linux/UNIX,us-west-1a
2014-03-28 03:54:34,0.4413,c3.8xlarge,Linux/UNIX,us-west-1a
2014-03-28 03:58:10,0.4359,c3.8xlarge,Linux/UNIX,us-west-1a
2014-03-28 03:59:58,0.4413,c3.8xlarge,Linux/UNIX,us-west-1a
2014-03-28 04:01:48,0.4359,c3.8xlarge,Linux/UNIX,us-west-1a
2014-03-28 04:12:39,0.4232,c3.8xlarge,Linux/UNIX,us-west-1a
2014-03-28 04:21:36,0.4213,c3.8xlarge,Linux/UNIX,us-west-1a
2014-03-28 04:28:47,0.4197,c3.8xlarge,Linux/UNIX,us-west-1a
2014-03-28 04:30:35,0.4213,c3.8xlarge,Linux/UNIX,us-west-1a
2014-03-28 04:41:20,0.4232,c3.8xlarge,Linux/UNIX,us-west-1a
2014-03-28 04:43:09,0.4282,c3.8xlarge,Linux/UNIX,us-west-1a
2014-03-28 04:44:56,0.4232,c3.8xlarge,Linux/UNIX,us-west-1a
2014-03-28 04:48:31,0.4282,c3.8xlarge,Linux/UNIX,us-west-1a
2014-03-28 04:57:29,0.4413,c3.8xlarge,Linux/UNIX,us-west-1a
2014-03-28 04:59:17,0.4359,c3.8xlarge,Linux/UNIX,us-west-1a
2014-03-28 05:01:05,0.4282,c3.8xlarge,Linux/UNIX,us-west-1a
2014-03-28 05:04:39,0.4316,c3.8xlarge,Linux/UNIX,us-west-1a
2014-03-28 05:10:04,0.4359,c3.8xlarge,Linux/UNIX,us-west-1a
2014-03-28 05:19:03,0.4316,c3.8xlarge,Linux/UNIX,us-west-1a
2014-03-28 05:20:51,0.4359,c3.8xlarge,Linux/UNIX,us-west-1a
2014-03-28 05:24:27,0.4483,c3.8xlarge,Linux/UNIX,us-west-1a
2014-03-28 05:26:15,0.4413,c3.8xlarge,Linux/UNIX,us-west-1a
2014-03-28 05:28:02,0.4359,c3.8xlarge,Linux/UNIX,us-west-1a
2014-03-28 05:29:49,0.4282,c3.8xlarge,Linux/UNIX,us-west-1a
2014-03-28 05:31:36,0.4232,c3.8xlarge,Linux/UNIX,us-west-1a
2014-03-28 05:42:24,0.4254,c3.8xlarge,Linux/UNIX,us-west-1a
2014-03-28 05:44:11,0.4282,c3.8xlarge,Linux/UNIX,us-west-1a
2014-03-28 05:47:45,0.4316,c3.8xlarge,Linux/UNIX,us-west-1a
2014-03-28 05:54:55,0.4282,c3.8xlarge,Linux/UNIX,us-west-1a
2014-03-28 06:00:21,0.4254,c3.8xlarge,Linux/UNIX,us-west-1a
2014-03-28 06:03:56,0.4316,c3.8xlarge,Linux/UNIX,us-west-1a
2014-03-28 06:05:45,0.4359,c3.8xlarge,Linux/UNIX,us-west-1a
2014-03-28 06:07:32,0.4413,c3.8xlarge,Linux/UNIX,us-west-1a
2014-03-28 06:12:57,0.4359,c3.8xlarge,Linux/UNIX,us-west-1a
2014-03-28 06:14:46,0.4483,c3.8xlarge,Linux/UNIX,us-west-1a
2014-03-28 06:16:35,0.4577,c3.8xlarge,Linux/UNIX,us-west-1a
2014-03-28 06:23:49,0.4359,c3.8xlarge,Linux/UNIX,us-west-1a
2014-03-28 06:25:38,0.4316,c3.8xlarge,Linux/UNIX,us-west-1a
2014-03-28 06:41:52,0.4282,c3.8xlarge,Linux/UNIX,us-west-1a
2014-03-28 06:43:41,0.4316,c3.8xlarge,Linux/UNIX,us-west-1a
2014-03-28 06:47:18,0.4359,c3.8xlarge,Linux/UNIX,us-west-1a
2014-03-28 06:52:44,0.4577,c3.8xlarge,Linux/UNIX,us-west-1a
2014-03-28 06:54:32,0.4413,c3.8xlarge,Linux/UNIX,us-west-1a
2014-03-28 06:58:08,0.4359,c3.8xlarge,Linux/UNIX,us-west-1a
2014-03-28 06:59:55,0.4316,c3.8xlarge,Linux/UNIX,us-west-1a
2014-03-28 07:05:21,0.4577,c3.8xlarge,Linux/UNIX,us-west-1a
2014-03-28 07:07:10,0.4413,c3.8xlarge,Linux/UNIX,us-west-1a
2014-03-28 07:10:50,0.4483,c3.8xlarge,Linux/UNIX,us-west-1a
2014-03-28 07:19:52,0.4413,c3.8xlarge,Linux/UNIX,us-west-1a
2014-03-28 07:21:41,0.4359,c3.8xlarge,Linux/UNIX,us-west-1a
2014-03-28 07:23:28,0.4254,c3.8xlarge,Linux/UNIX,us-west-1a
2014-03-28 07:32:28,0.4232,c3.8xlarge,Linux/UNIX,us-west-1a
2014-03-28 07:41:33,0.4213,c3.8xlarge,Linux/UNIX,us-west-1a
2014-03-28 07:57:46,0.4232,c3.8xlarge,Linux/UNIX,us-west-1a
2014-03-28 07:59:35,0.4213,c3.8xlarge,Linux/UNIX,us-west-1a
2014-03-28 08:06:52,0.4232,c3.8xlarge,Linux/UNIX,us-west-1a
2014-03-28 08:12:18,0.4359,c3.8xlarge,Linux/UNIX,us-west-1a
2014-03-28 08:19:31,0.4254,c3.8xlarge,Linux/UNIX,us-west-1a
2014-03-28 08:26:46,0.4232,c3.8xlarge,Linux/UNIX,us-west-1a
2014-03-28 08:44:54,0.4316,c3.8xlarge,Linux/UNIX,us-west-1a
2014-03-28 09:04:50,0.4282,c3.8xlarge,Linux/UNIX,us-west-1a
2014-03-28 09:32:01,0.4316,c3.8xlarge,Linux/UNIX,us-west-1a
2014-03-28 09:44:41,9.6,c3.8xlarge,Linux/UNIX,us-west-1a
2014-03-28 12:46:42,0.41,c3.8xlarge,Linux/UNIX,us-west-1a
2014-03-28 12:48:32,0.4076,c3.8xlarge,Linux/UNIX,us-west-1a
2014-03-28 13:08:42,0.4107,c3.8xlarge,Linux/UNIX,us-west-1a
2014-03-28 13:14:14,0.41,c3.8xlarge,Linux/UNIX,us-west-1a
2014-03-28 13:17:55,0.4114,c3.8xlarge,Linux/UNIX,us-west-1a
2014-03-28 13:32:33,0.4138,c3.8xlarge,Linux/UNIX,us-west-1a
2014-03-28 13:38:01,0.4152,c3.8xlarge,Linux/UNIX,us-west-1a
2014-03-28 13:39:49,0.4138,c3.8xlarge,Linux/UNIX,us-west-1a
2014-03-28 13:50:53,0.7937,c3.8xlarge,Linux/UNIX,us-west-1a
2014-03-28 13:58:16,9.6,c3.8xlarge,Linux/UNIX,us-west-1a
2014-03-28 17:02:17,9.0,c3.8xlarge,Linux/UNIX,us-west-1a
2014-03-28 17:04:13,9.6,c3.8xlarge,Linux/UNIX,us-west-1a
2014-03-28 17:15:50,9.0,c3.8xlarge,Linux/UNIX,us-west-1a
2014-03-28 17:19:41,9.6,c3.8xlarge,Linux/UNIX,us-west-1a
2014-03-28 17:42:57,9.0,c3.8xlarge,Linux/UNIX,us-west-1a
2014-03-29 17:44:40,9.0,c3.8xlarge,Linux/UNIX,us-west-1a
2014-03-30 17:46:38,9.0,c3.8xlarge,Linux/UNIX,us-west-1a
2014-03-31 11:57:41,2.7321,c3.8xlarge,Linux/UNIX,us-west-1a
2014-03-31 11:59:38,9.0,c3.8xlarge,Linux/UNIX,us-west-1a
2014-03-31 12:03:35,2.7321,c3.8xlarge,Linux/UNIX,us-west-1a
2014-03-31 12:05:33,9.0,c3.8xlarge,Linux/UNIX,us-west-1a
2014-03-31 12:21:16,9.6,c3.8xlarge,Linux/UNIX,us-west-1a
2014-03-31 12:29:06,2.7321,c3.8xlarge,Linux/UNIX,us-west-1a
2014-03-31 12:31:04,9.6,c3.8xlarge,Linux/UNIX,us-west-1a
2014-03-31 13:16:03,2.0,c3.8xlarge,Linux/UNIX,us-west-1a
2014-03-31 13:18:01,9.6,c3.8xlarge,Linux/UNIX,us-west-1a
2014-03-31 13:21:55,2.7321,c3.8xlarge,Linux/UNIX,us-west-1a
2014-03-31 13:23:52,9.6,c3.8xlarge,Linux/UNIX,us-west-1a
2014-03-31 15:02:16,2.7321,c3.8xlarge,Linux/UNIX,us-west-1a
2014-03-31 15:04:16,9.6,c3.8xlarge,Linux/UNIX,us-west-1a
2014-03-31 15:49:38,9.0,c3.8xlarge,Linux/UNIX,us-west-1a
2014-03-31 15:57:30,9.6,c3.8xlarge,Linux/UNIX,us-west-1a
2014-03-31 18:34:08,9.0,c3.8xlarge,Linux/UNIX,us-west-1a
2014-03-31 18:38:06,9.6,c3.8xlarge,Linux/UNIX,us-west-1a
2014-03-31 19:07:42,9.0,c3.8xlarge,Linux/UNIX,us-west-1a
2014-03-31 19:09:40,9.6,c3.8xlarge,Linux/UNIX,us-west-1a
2014-04-01 19:10:34,9.6,c3.8xlarge,Linux/UNIX,us-west-1a
2014-04-02 19:11:48,9.6,c3.8xlarge,Linux/UNIX,us-west-1a
2014-04-03 06:58:52,9.0,c3.8xlarge,Linux/UNIX,us-west-1a
2014-04-03 07:03:40,9.6,c3.8xlarge,Linux/UNIX,us-west-1a
2014-04-03 13:44:11,9.0,c3.8xlarge,Linux/UNIX,us-west-1a
2014-04-03 13:54:16,9.6,c3.8xlarge,Linux/UNIX,us-west-1a
2014-04-03 14:29:34,9.0,c3.8xlarge,Linux/UNIX,us-west-1a
2014-04-03 14:32:06,9.6,c3.8xlarge,Linux/UNIX,us-west-1a
2014-04-03 15:45:17,9.0,c3.8xlarge,Linux/UNIX,us-west-1a
2014-04-03 16:40:41,9.6,c3.8xlarge,Linux/UNIX,us-west-1a
2014-04-04 00:38:07,9.0,c3.8xlarge,Linux/UNIX,us-west-1a
2014-04-04 00:47:20,9.6,c3.8xlarge,Linux/UNIX,us-west-1a
2014-04-04 04:05:33,9.0,c3.8xlarge,Linux/UNIX,us-west-1a
2014-04-05 04:06:40,9.0,c3.8xlarge,Linux/UNIX,us-west-1a
2014-04-06 04:07:15,9.0,c3.8xlarge,Linux/UNIX,us-west-1a
2014-04-07 02:30:46,2.7321,c3.8xlarge,Linux/UNIX,us-west-1a
2014-04-07 02:34:16,9.0,c3.8xlarge,Linux/UNIX,us-west-1a
2014-04-07 05:13:37,2.7321,c3.8xlarge,Linux/UNIX,us-west-1a
2014-04-07 05:24:04,2.0,c3.8xlarge,Linux/UNIX,us-west-1a
2014-04-07 05:27:30,2.7321,c3.8xlarge,Linux/UNIX,us-west-1a
2014-04-07 05:48:04,2.0,c3.8xlarge,Linux/UNIX,us-west-1a
2014-04-07 05:51:31,2.7321,c3.8xlarge,Linux/UNIX,us-west-1a
2014-04-07 10:55:38,2.0,c3.8xlarge,Linux/UNIX,us-west-1a
2014-04-07 10:59:04,2.7321,c3.8xlarge,Linux/UNIX,us-west-1a
2014-04-07 13:56:28,2.0,c3.8xlarge,Linux/UNIX,us-west-1a
2014-04-07 13:59:50,2.7321,c3.8xlarge,Linux/UNIX,us-west-1a
2014-04-07 15:25:06,2.0,c3.8xlarge,Linux/UNIX,us-west-1a
2014-04-07 15:28:26,2.7321,c3.8xlarge,Linux/UNIX,us-west-1a
2014-04-07 16:28:29,2.0,c3.8xlarge,Linux/UNIX,us-west-1a
2014-04-07 16:31:50,2.7321,c3.8xlarge,Linux/UNIX,us-west-1a
2014-04-07 17:01:59,2.0,c3.8xlarge,Linux/UNIX,us-west-1a
2014-04-07 17:05:16,2.7321,c3.8xlarge,Linux/UNIX,us-west-1a
2014-04-07 18:02:10,2.0,c3.8xlarge,Linux/UNIX,us-west-1a
2014-04-07 18:05:27,2.7321,c3.8xlarge,Linux/UNIX,us-west-1a
2014-04-07 20:15:24,9.0,c3.8xlarge,Linux/UNIX,us-west-1a
2014-04-08 05:03:21,9.6,c3.8xlarge,Linux/UNIX,us-west-1a
2014-04-09 05:05:33,9.6,c3.8xlarge,Linux/UNIX,us-west-1a
2014-04-09 22:52:30,9.0,c3.8xlarge,Linux/UNIX,us-west-1a
2014-04-10 04:35:20,9.6,c3.8xlarge,Linux/UNIX,us-west-1a
2014-04-11 04:35:52,9.6,c3.8xlarge,Linux/UNIX,us-west-1a
2014-04-11 19:36:51,2.7321,c3.8xlarge,Linux/UNIX,us-west-1a
2014-04-11 19:40:11,2.0,c3.8xlarge,Linux/UNIX,us-west-1a
2014-04-11 21:07:00,9.6,c3.8xlarge,Linux/UNIX,us-west-1a
2014-04-12 21:08:18,9.6,c3.8xlarge,Linux/UNIX,us-west-1a
2014-04-13 21:10:04,9.6,c3.8xlarge,Linux/UNIX,us-west-1a
2014-04-14 21:11:17,9.6,c3.8xlarge,Linux/UNIX,us-west-1a
2014-04-15 21:12:26,9.6,c3.8xlarge,Linux/UNIX,us-west-1a
2014-04-16 03:33:35,9.0,c3.8xlarge,Linux/UNIX,us-west-1a
2014-04-16 05:08:37,9.6,c3.8xlarge,Linux/UNIX,us-west-1a
2014-04-17 01:49:43,9.0,c3.8xlarge,Linux/UNIX,us-west-1a
2014-04-17 01:51:42,2.0,c3.8xlarge,Linux/UNIX,us-west-1a
2014-04-17 08:05:28,9.6,c3.8xlarge,Linux/UNIX,us-west-1a
